,PLAYER,TEAM,AGE,GP,W,L,MIN,OFFRTG,DEFRTG,NETRTG,AST%,AST/TO,AST Ratio,OREB%,DREB%,REB%,TO Ratio,eFG%,TS%,USG%,PACE,PIE,POSS
0,Anthony Edwards,MIN,19,72,23,49,32.1,110.6,115.6,-5.0,14.2,1.32,12.4,2.3,12.1,7.0,9.4,48.8,52.3,26.4,102.71,9.4,"4,961"
1,Bojan Bogdanovic,UTA,32,72,52,20,30.8,116.8,107.3,9.5,9.1,1.06,10.4,1.8,9.9,6.0,9.8,53.6,58.8,22.5,99.94,9.4,"4,604"
2,Duncan Robinson,MIA,27,72,40,32,31.4,110.6,108.3,2.3,8.2,1.57,13.4,0.3,10.9,5.7,8.5,61.4,62.8,16.2,97.55,7.5,"4,602"
3,Dwayne Bacon,ORL,25,72,21,51,25.7,101.3,112.8,-11.4,8.0,2.02,9.9,1.5,10.2,5.6,4.9,44.3,49.0,19.3,100.39,6.9,"3,875"
4,Enes Kanter,POR,29,72,42,30,24.4,119.7,114.8,4.9,6.9,1.08,10.6,14.8,28.1,21.3,9.8,60.5,63.6,16.9,98.79,14.1,"3,607"
5,Georges Niang,UTA,27,72,52,20,16.0,114.9,100.3,14.6,7.1,1.16,11.2,2.4,11.7,7.2,9.7,59.0,60.2,16.9,101.74,7.6,"2,445"
6,Ivica Zubac,LAC,24,72,47,25,22.3,114.3,109.3,5.0,7.9,1.11,13.9,12.1,20.0,16.2,12.5,65.4,69.3,14.7,98.99,11.7,"3,324"
7,Justin Holiday,IND,32,72,34,38,30.3,110.5,111.2,-0.6,7.0,2.20,14.3,1.4,9.8,5.7,6.5,55.1,57.1,13.8,103.14,6.5,"4,684"
8,Mikal Bridges,PHX,24,72,51,21,32.6,117.5,110.0,7.4,8.5,2.67,16.3,3.5,9.9,6.8,6.1,64.3,66.7,14.7,98.32,9.9,"4,800"
9,Nikola Jokic,DEN,26,72,47,25,34.6,120.2,112.6,7.7,37.7,2.70,26.2,8.7,23.7,16.3,9.7,60.2,64.7,29.3,98.15,20.1,"5,084"
10,RJ Barrett,NYK,20,72,41,31,34.9,110.0,107.2,2.7,13.4,1.56,14.1,2.7,13.0,7.9,9.0,49.9,53.5,22.8,97.54,9.5,"5,101"
11,Andrew Wiggins,GSW,26,71,38,33,33.3,108.9,109.1,-0.2,11.0,1.33,11.5,3.4,10.6,7.1,8.7,54.3,56.8,22.9,103.17,9.9,"5,085"
12,Buddy Hield,SAC,28,71,31,40,34.3,114.5,116.3,-1.8,14.1,1.98,18.2,1.2,12.6,6.9,9.2,54.8,56.7,20.1,101.26,8.4,"5,149"
13,Eric Bledsoe,NOP,31,71,31,40,29.7,113.0,114.8,-1.8,17.0,2.35,22.4,1.3,10.0,5.7,9.5,50.3,53.3,18.1,101.67,7.7,"4,479"
14,Julius Randle,NYK,26,71,40,31,37.6,109.8,106.8,3.0,26.9,1.77,19.7,3.1,22.7,13.1,11.1,51.6,56.7,28.5,97.22,15.8,"5,398"
15,Patrick Williams,CHI,19,71,30,41,27.9,106.3,113.5,-7.1,6.8,1.01,12.7,3.3,13.1,8.2,12.6,53.4,56.2,14.6,100.41,7.1,"4,151"
16,Robin Lopez,WAS,33,71,34,37,19.1,107.9,109.0,-1.1,6.0,0.73,9.0,9.7,9.2,9.5,12.2,63.9,66.1,16.9,103.69,10.2,"2,933"
17,Royce O'Neale,UTA,27,71,51,20,31.6,117.7,107.3,10.4,10.3,2.18,26.6,3.9,16.2,10.4,12.2,58.0,59.9,9.5,99.48,7.4,"4,639"
18,Rudy Gobert,UTA,28,71,52,19,30.8,116.8,100.9,15.9,5.9,0.75,9.4,11.0,28.8,20.5,12.4,67.5,68.3,16.6,101.32,16.5,"4,613"
19,Solomon Hill,ATL,30,71,41,30,21.3,111.6,110.6,1.0,6.5,1.79,17.2,2.8,11.1,7.0,9.7,47.3,49.8,10.2,99.93,4.5,"3,148"
20,Brook Lopez,MIL,33,70,46,24,27.2,117.0,110.2,6.8,3.3,0.78,6.1,5.4,11.5,8.6,7.9,57.7,61.1,16.6,103.68,8.5,"4,123"
21,Bryn Forbes,MIL,27,70,45,25,19.3,113.4,110.8,2.7,4.5,1.02,7.1,0.8,6.9,3.9,6.9,61.8,63.1,18.0,104.16,7.6,"2,949"
22,Chris Paul,PHX,36,70,49,21,31.4,115.3,108.8,6.5,40.5,3.99,35.9,1.2,13.1,7.3,9.0,55.7,59.9,22.1,98.92,15.0,"4,539"
23,Jae'Sean Tate,HOU,25,70,17,53,29.2,108.0,111.8,-3.8,12.7,1.82,18.4,6.0,11.8,8.8,10.1,55.4,57.6,16.1,102.71,8.3,"4,360"
24,Kelly Olynyk,HOU,30,70,26,44,28.5,110.7,113.2,-2.5,15.1,1.61,18.5,4.3,19.6,12.0,11.5,57.4,61.0,19.0,101.02,11.2,"4,205"
25,Naz Reid,MIN,21,70,22,48,19.2,102.7,112.4,-9.7,8.8,1.04,9.1,5.4,17.3,11.1,8.7,57.6,59.9,21.8,104.06,11.3,"2,915"
26,Nikola Vucevic,CHI,30,70,26,44,33.5,106.6,113.6,-7.0,20.7,2.13,14.5,5.9,28.9,17.0,6.8,54.0,56.0,29.2,99.15,16.8,"4,849"
27,Robert Covington,POR,30,70,42,28,32.0,118.6,113.8,4.8,6.6,1.83,16.3,2.6,18.3,10.2,8.9,53.3,55.3,11.4,99.68,7.2,"4,649"
28,Saddiq Bey,DET,22,70,19,51,27.3,105.6,111.2,-5.6,7.7,1.58,10.5,2.2,14.5,8.2,6.6,53.0,56.7,18.2,99.47,9.2,"3,960"
29,Tim Hardaway Jr.,DAL,29,70,42,28,28.4,114.3,112.3,2.1,9.8,1.97,10.7,1.0,10.1,5.6,5.5,56.0,58.9,23.0,98.62,10.2,"4,073"
30,Tyus Jones,MEM,25,70,36,34,17.5,104.9,107.8,-2.8,30.5,5.40,35.0,1.6,9.3,5.4,6.5,48.5,51.1,16.5,101.08,11.3,"2,569"
31,Carmelo Anthony,POR,36,69,39,30,24.5,115.1,115.8,-0.6,9.7,1.70,10.3,1.7,10.7,6.0,6.0,50.6,54.7,22.8,99.23,8.8,"3,493"
32,Coby White,CHI,21,69,30,39,31.2,108.6,111.3,-2.7,21.8,2.10,22.7,1.3,11.6,6.5,10.8,50.6,54.0,21.9,101.62,8.8,"4,572"
33,Danny Green,PHI,33,69,46,23,28.0,114.5,107.4,7.1,8.0,1.76,15.8,2.9,10.0,6.6,9.0,57.3,58.2,13.8,101.26,7.3,"4,090"
34,Deandre Ayton,PHX,22,69,48,21,30.6,117.1,110.8,6.3,6.6,0.96,10.3,11.7,23.6,17.9,10.7,62.9,65.3,17.9,98.05,13.0,"4,320"
35,Dwight Howard,PHI,35,69,46,23,17.3,103.9,106.3,-2.4,7.6,0.54,10.7,14.8,30.9,22.8,19.7,59.6,61.0,17.3,101.16,13.0,"2,517"
36,Jakob Poeltl,SAS,25,69,32,37,26.7,112.2,109.0,3.2,9.6,1.61,19.3,11.4,17.3,14.3,11.9,61.6,61.2,13.0,99.84,10.0,"3,831"
37,Joe Harris,BKN,29,69,45,24,31.0,117.4,110.6,6.9,8.1,2.10,14.1,2.1,9.0,5.7,6.7,65.4,66.3,15.7,102.03,8.5,"4,569"
38,Keldon Johnson,SAS,21,69,32,37,28.5,110.0,113.8,-3.8,8.7,1.55,12.3,4.5,16.3,10.3,7.9,52.2,55.7,18.9,100.04,9.1,"4,093"
39,Kevin Huerter,ATL,22,69,40,29,30.8,113.2,111.6,1.7,16.1,3.05,22.4,1.7,9.0,5.3,7.3,52.8,54.1,16.7,99.50,7.7,"4,406"
40,Kyle Anderson,MEM,27,69,36,33,27.4,110.3,108.7,1.6,18.2,2.91,23.2,2.6,17.3,9.9,8.0,54.0,57.8,18.1,102.34,12.1,"4,018"
41,Montrezl Harrell,LAL,27,69,41,28,22.9,107.3,105.9,1.4,7.8,0.99,8.5,10.0,16.7,13.4,8.6,62.2,65.0,21.1,99.78,15.2,"3,283"
42,Norman Powell,POR,27,69,32,37,32.0,114.3,112.5,1.8,8.9,1.08,10.1,1.8,7.9,4.8,9.3,57.0,61.8,22.1,101.07,9.6,"4,642"
43,Pat Connaughton,MIL,28,69,44,25,22.8,114.3,107.3,6.9,6.4,2.45,15.6,3.9,15.2,9.8,6.4,56.5,57.8,11.3,104.80,7.9,"3,431"
44,T.J. McConnell,IND,29,69,33,36,26.0,112.5,110.0,2.5,33.7,3.38,41.4,3.0,10.6,6.8,12.3,57.4,58.3,14.9,103.73,11.9,"3,869"
45,Terry Rozier,CHA,27,69,32,37,34.5,110.9,112.9,-2.0,19.3,2.29,18.0,1.9,10.5,6.1,7.9,54.8,57.5,23.8,99.64,11.3,"4,953"
46,Derrick Favors,UTA,29,68,49,19,15.3,114.1,111.6,2.6,5.9,1.22,12.3,13.0,22.7,17.8,10.1,63.8,66.3,12.5,101.18,11.1,"2,182"
47,Desmond Bane,MEM,22,68,36,32,22.3,110.1,109.7,0.4,10.5,2.00,17.1,1.9,11.6,6.6,8.5,58.6,60.0,15.5,101.71,8.0,"3,218"
48,Isaiah Stewart,DET,20,68,20,48,21.4,105.5,107.4,-2.0,6.4,0.88,10.3,10.5,19.3,14.9,11.7,57.8,59.7,15.0,99.66,10.8,"3,020"
49,Jalen Brunson,DAL,24,68,40,28,25.0,113.7,108.7,4.9,21.5,2.99,23.7,1.6,11.7,6.7,7.9,58.8,61.8,19.6,98.84,12.3,"3,490"
50,Jeff Green,BKN,34,68,44,24,27.0,116.1,112.8,3.3,8.0,2.00,14.1,1.9,11.6,7.0,7.1,59.0,62.4,15.4,101.65,8.3,"3,880"
51,Jordan Clarkson,UTA,28,68,49,19,26.7,115.8,108.0,7.8,14.9,1.46,11.9,2.5,11.7,7.2,8.2,52.2,54.9,28.6,100.87,11.5,"3,821"
52,Khris Middleton,MIL,29,68,45,23,33.4,116.7,110.5,6.2,22.7,2.08,21.6,2.3,14.3,8.5,10.4,54.6,58.8,24.5,103.55,12.3,"4,887"
53,Kyle Kuzma,LAL,25,68,40,28,28.7,104.8,105.4,-0.6,10.0,1.12,12.2,5.4,15.7,10.5,10.9,53.3,54.6,19.8,99.72,9.7,"4,070"
54,Patty Mills,SAS,32,68,31,37,24.8,107.8,106.4,1.4,14.2,2.45,18.7,1.0,5.3,3.2,7.6,54.4,57.0,17.7,101.97,7.9,"3,568"
55,Ricky Rubio,MIN,30,68,23,45,26.1,109.3,114.3,-5.0,33.0,3.90,39.2,1.4,11.0,6.0,10.0,45.4,51.6,15.5,103.33,9.8,"3,816"
56,Thaddeus Young,CHI,32,68,30,38,24.3,114.2,110.1,4.1,25.3,2.12,25.7,10.5,15.4,13.0,12.1,56.8,57.8,21.6,100.03,12.8,"3,445"
57,Damian Lillard,POR,30,67,39,28,35.8,119.6,115.6,4.0,33.4,2.49,22.5,1.2,10.4,5.7,9.0,55.4,62.3,30.6,100.40,15.8,"5,014"
58,Dejounte Murray,SAS,24,67,32,35,31.9,111.8,109.5,2.3,24.6,3.10,24.0,2.6,19.0,10.8,7.7,48.5,50.9,23.1,100.02,12.4,"4,452"
59,Devin Booker,PHX,24,67,48,19,33.9,118.6,111.4,7.2,20.0,1.40,14.9,1.6,10.8,6.4,10.6,53.3,58.7,31.9,98.50,12.5,"4,656"
60,Dillon Brooks,MEM,25,67,36,31,29.8,113.9,109.4,4.5,11.2,1.32,11.3,2.6,6.9,4.7,8.6,48.1,51.5,25.6,102.16,6.6,"4,233"
61,Isaac Okoro,CLE,20,67,20,47,32.4,104.6,113.4,-8.7,8.6,1.49,15.2,3.1,6.6,4.8,10.2,47.6,51.4,14.2,98.07,4.4,"4,431"
62,Joe Ingles,UTA,33,67,47,20,27.9,116.7,104.9,11.8,23.8,2.72,30.7,1.4,10.8,6.3,11.3,65.2,67.2,16.2,101.08,11.2,"3,926"
63,Kent Bazemore,GSW,31,67,35,32,19.9,110.5,104.6,5.9,10.8,1.32,17.5,1.9,14.0,8.1,13.3,54.5,56.4,15.9,103.77,7.5,"2,881"
64,Kentavious Caldwell-Pope,LAL,28,67,39,28,28.4,110.5,107.3,3.3,9.1,1.92,17.2,1.5,8.1,4.8,8.9,54.9,58.8,13.9,99.50,7.0,"3,947"
65,Khem Birch,TOR,28,67,23,44,22.8,106.1,109.7,-3.6,8.5,2.02,15.6,10.1,13.8,11.9,7.7,51.4,55.2,13.3,99.71,8.9,"3,171"
66,Nicolas Batum,LAC,32,67,44,23,27.4,117.1,108.2,8.9,10.5,2.79,23.3,2.9,14.3,8.8,8.3,59.7,61.7,11.6,98.52,8.8,"3,768"
67,Reggie Jackson,LAC,31,67,43,24,23.0,116.7,109.3,7.4,18.5,2.77,22.8,1.6,10.7,6.3,8.2,55.4,57.6,19.5,99.08,9.1,"3,192"
68,Terance Mann,LAC,24,67,45,22,18.9,112.4,109.7,2.7,11.4,2.60,19.4,4.4,14.0,9.3,7.5,56.3,60.3,14.4,99.93,9.1,"2,612"
69,Aaron Holiday,IND,24,66,30,36,17.8,110.1,110.3,-0.2,13.9,1.86,18.5,1.2,6.0,3.6,9.9,46.7,50.3,18.9,104.34,5.7,"2,560"
70,Bismack Biyombo,CHA,28,66,28,38,20.4,102.8,111.7,-8.9,8.7,1.14,18.5,9.4,15.0,12.1,16.2,58.7,57.4,11.3,99.47,6.8,"2,782"
71,Bobby Portis,MIL,26,66,44,22,20.8,113.4,108.3,5.1,7.5,1.27,9.4,8.5,22.9,15.8,7.4,58.5,59.8,20.2,104.72,13.3,"2,986"
72,Donte DiVincenzo,MIL,24,66,44,22,27.5,117.3,109.1,8.1,13.7,2.23,21.9,4.3,15.5,10.0,9.8,52.8,54.2,16.3,104.77,8.7,"3,953"
73,Doug McDermott,IND,29,66,32,34,24.5,110.5,112.3,-1.8,7.5,1.60,10.1,3.6,9.6,6.6,6.3,61.6,63.5,19.4,103.70,9.6,"3,505"
74,Kenrich Williams,OKC,26,66,21,45,21.6,104.8,111.1,-6.3,15.3,2.00,22.8,5.6,12.9,9.2,11.4,59.6,59.9,14.8,103.22,9.0,"3,073"
75,Lou Williams,ATL,34,66,44,22,21.6,112.3,110.6,1.8,23.3,2.08,21.4,1.5,8.0,4.8,10.3,46.4,51.9,24.4,101.69,9.6,"3,025"
76,Luka Doncic,DAL,22,66,40,26,34.3,116.6,112.7,3.9,42.5,2.02,23.6,2.4,20.2,11.5,11.7,55.0,58.7,35.0,99.40,17.9,"4,676"
77,Miles Bridges,CHA,23,66,31,35,29.3,110.4,110.1,0.3,11.3,1.39,15.9,4.1,15.8,10.0,11.5,59.6,62.5,17.0,100.77,10.3,"4,047"
78,Payton Pritchard,BOS,23,66,33,33,19.2,111.2,110.6,0.6,13.6,2.26,19.6,2.5,9.9,6.1,8.7,56.2,58.2,16.2,99.38,8.2,"2,636"
79,Svi Mykhailiuk,OKC,23,66,13,53,20.1,103.8,112.0,-8.2,12.7,1.25,15.2,1.7,10.4,5.9,12.2,51.5,52.9,19.0,102.27,7.7,"2,823"
80,Bruce Brown,BKN,24,65,45,20,22.3,115.9,112.4,3.5,9.9,1.93,16.4,8.1,15.4,12.0,8.5,57.6,60.4,15.7,100.24,9.8,"3,016"
81,Daniel Theis,CHI,29,65,28,37,24.6,109.4,110.8,-1.3,9.7,1.64,15.7,5.7,16.4,11.0,9.6,59.3,60.9,15.4,99.75,9.5,"3,333"
82,Facundo Campazzo,DEN,30,65,43,22,21.9,111.6,108.8,2.8,21.5,3.18,35.3,1.5,8.1,4.7,11.1,50.2,55.8,12.8,99.09,7.4,"2,940"
83,Matisse Thybulle,PHI,24,65,46,19,20.0,109.3,104.7,4.6,6.4,1.97,18.3,2.3,7.0,4.7,9.3,50.8,50.8,9.0,101.86,5.3,"2,741"
84,Reggie Bullock,NYK,30,65,38,27,30.0,109.7,107.2,2.5,7.2,2.20,13.8,0.8,10.2,5.6,6.3,58.7,60.6,14.0,97.29,7.4,"3,955"
85,Russell Westbrook,WAS,32,65,30,35,36.4,109.2,110.4,-1.2,47.7,2.45,30.6,4.3,24.9,14.7,12.5,47.4,50.9,29.5,107.18,16.4,"5,279"
86,Talen Horton-Tucker,LAL,20,65,39,26,20.1,105.8,104.7,1.0,20.9,1.72,21.9,1.9,10.4,6.3,12.7,49.6,53.6,21.0,100.77,9.4,"2,731"
87,Theo Maledon,OKC,19,65,20,45,27.3,97.2,113.6,-16.5,19.7,1.61,21.8,1.2,10.1,5.5,13.6,45.4,48.9,18.8,103.27,6.3,"3,829"
88,Alex Len,WAS,27,64,30,34,15.3,106.9,111.0,-4.0,6.9,0.89,11.3,7.7,17.4,12.6,12.6,62.9,64.3,16.1,106.79,9.7,"2,173"
89,Anfernee Simons,POR,21,64,37,27,17.3,115.2,114.4,0.8,11.7,2.07,15.9,1.2,10.9,5.9,7.7,56.9,58.9,18.0,98.83,7.9,"2,284"
90,Bam Adebayo,MIA,23,64,34,30,33.5,110.2,109.6,0.6,26.7,2.05,23.6,7.0,20.4,13.9,11.5,57.1,62.6,23.3,97.71,16.1,"4,361"
91,Garrison Mathews,WAS,24,64,32,32,16.2,107.7,113.4,-5.6,3.2,2.60,8.4,1.5,6.5,4.0,3.2,57.0,63.5,11.1,106.43,5.2,"2,299"
92,Immanuel Quickley,NYK,21,64,37,27,19.4,111.6,104.5,7.1,16.4,2.19,15.3,2.0,8.6,5.4,7.0,49.7,55.7,24.6,97.18,10.3,"2,519"
93,Jarred Vanderbilt,MIN,22,64,18,46,17.8,108.1,109.2,-1.1,9.1,1.43,18.6,9.6,21.1,15.3,13.0,60.8,61.2,11.8,103.75,10.7,"2,451"
94,Jayson Tatum,BOS,23,64,34,30,35.8,114.8,111.8,3.0,19.6,1.61,14.5,2.1,18.8,10.2,9.0,53.0,57.6,29.8,99.74,15.2,"4,767"
95,Nerlens Noel,NYK,27,64,35,29,24.2,109.2,108.5,0.7,4.1,0.71,12.6,9.4,16.4,13.0,17.8,61.4,63.8,9.2,96.74,8.2,"3,106"
96,P.J. Washington,CHA,22,64,31,33,30.5,110.4,109.8,0.6,12.0,1.26,15.5,4.5,16.3,10.3,12.3,52.2,54.9,19.1,100.16,8.9,"4,081"
97,Raul Neto,WAS,29,64,30,34,21.9,109.3,110.3,-1.0,14.1,2.75,21.3,1.9,8.7,5.3,7.7,53.9,57.5,15.5,106.03,8.6,"3,104"
98,Andre Iguodala,MIA,37,63,37,26,21.3,105.6,108.1,-2.5,15.3,2.12,30.0,3.0,13.4,8.3,14.1,50.4,51.9,10.9,97.82,7.2,"2,722"
99,Clint Capela,ATL,27,63,34,29,30.1,114.8,108.2,6.6,3.9,0.67,5.3,15.5,30.1,23.0,8.0,59.4,60.1,19.3,99.41,15.8,"3,927"
100,Cory Joseph,DET,29,63,25,38,23.0,109.8,115.3,-5.5,20.4,2.70,28.2,2.4,8.5,5.5,10.4,52.2,55.6,15.9,100.79,7.9,"3,024"
101,Dean Wade,CLE,24,63,19,44,19.2,102.9,111.9,-9.0,9.4,2.47,17.2,3.1,15.4,9.0,7.0,55.6,57.3,12.8,99.06,8.2,"2,503"
102,Delon Wright,SAC,29,63,21,42,27.7,108.3,111.8,-3.5,23.7,3.35,29.7,3.6,12.2,7.7,8.9,52.5,56.2,16.3,98.91,11.5,"3,610"
103,Draymond Green,GSW,31,63,35,28,31.5,114.8,109.3,5.4,34.5,2.97,48.0,2.8,18.4,11.0,16.2,49.2,53.0,12.8,104.21,10.7,"4,305"
104,Elfrid Payton,NYK,27,63,36,27,23.6,107.8,110.8,-3.0,20.9,1.97,20.9,4.1,9.8,6.9,10.6,45.5,47.8,22.4,97.30,7.9,"3,006"
105,Grant Williams,BOS,22,63,30,33,18.1,107.4,109.3,-1.9,7.9,1.14,16.4,4.0,11.3,7.6,14.4,53.4,54.6,12.0,101.01,4.0,"2,393"
106,Ja Morant,MEM,21,63,33,30,32.6,114.7,112.1,2.6,32.1,2.29,25.9,2.7,9.1,5.9,11.3,48.7,53.7,26.7,102.16,11.3,"4,366"
107,Jaden McDaniels,MIN,20,63,18,45,24.0,109.6,113.1,-3.4,6.4,1.51,14.1,3.2,11.8,7.3,9.3,54.5,55.2,11.8,103.13,5.0,"3,250"
108,Jarrett Allen,CLE,23,63,20,43,29.6,108.3,113.9,-5.6,8.7,1.06,12.9,10.6,23.2,17.0,12.2,62.4,66.1,16.3,98.96,13.8,"3,847"
109,John Collins,ATL,23,63,34,29,29.3,116.0,111.7,4.3,6.5,0.93,7.7,6.4,18.3,12.5,8.2,61.0,64.5,21.4,99.99,12.5,"3,858"
110,Luke Kennard,LAC,24,63,44,19,19.6,114.0,114.4,-0.4,12.0,2.17,18.0,1.3,11.8,6.6,8.3,59.7,60.8,16.6,99.00,8.4,"2,535"
111,Rudy Gay,SAS,34,63,29,34,21.6,108.4,103.9,4.5,10.0,1.35,10.7,2.8,17.6,10.2,7.9,50.5,53.2,23.0,101.26,10.8,"2,865"
112,Shake Milton,PHI,24,63,46,17,23.2,109.3,105.0,4.3,21.0,1.87,18.6,2.2,7.6,4.9,9.9,50.3,54.9,23.9,101.45,10.1,"3,087"
113,Stephen Curry,GSW,33,63,37,26,34.2,114.2,109.6,4.6,28.3,1.70,17.4,1.3,13.5,7.7,10.2,60.5,65.5,33.1,105.16,18.1,"4,725"
114,Trae Young,ATL,22,63,36,27,33.7,118.2,113.0,5.2,42.6,2.28,26.9,1.8,9.4,5.7,11.8,49.9,58.9,32.0,100.50,15.0,"4,464"
115,Denzel Valentine,CHI,27,62,26,36,16.7,107.7,106.7,1.0,14.4,2.50,18.4,2.2,16.8,9.4,7.4,46.9,47.9,19.0,100.05,8.5,"2,170"
116,Devin Vassell,SAS,20,62,30,32,17.0,106.5,108.9,-2.4,7.1,2.55,14.0,2.1,13.8,7.9,5.5,49.2,52.4,13.8,102.37,7.1,"2,247"
117,Domantas Sabonis,IND,25,62,29,33,36.0,109.6,111.5,-1.9,28.3,1.95,24.9,6.6,25.9,16.2,12.8,56.4,60.1,23.9,102.10,15.4,"4,746"
118,Jonas Valanciunas,MEM,29,62,32,30,28.3,112.8,108.9,3.8,9.7,1.12,10.7,13.4,28.9,21.0,9.6,60.6,63.6,21.7,101.97,16.3,"3,725"
119,Josh Jackson,DET,24,62,16,46,25.2,104.9,108.3,-3.4,15.0,1.01,13.2,3.5,12.3,7.9,13.1,47.3,51.6,25.4,100.67,8.0,"3,267"
120,Obi Toppin,NYK,23,62,36,26,11.0,109.1,106.5,2.7,6.5,1.26,10.7,3.7,15.5,9.7,8.5,56.0,57.4,15.7,97.43,9.3,"1,381"
121,Tobias Harris,PHI,28,62,44,18,32.5,113.3,106.1,7.2,17.5,2.06,16.5,3.2,17.0,10.4,8.0,55.6,59.7,23.7,100.42,14.5,"4,223"
122,Trey Burke,DAL,28,62,35,27,14.7,111.5,110.2,1.3,12.9,2.45,16.5,1.1,4.7,2.9,6.7,51.0,54.4,19.3,99.91,7.6,"1,893"
123,Brad Wanamaker,CHA,31,61,29,32,17.3,101.4,107.1,-5.7,25.1,2.45,29.8,1.6,8.0,4.7,12.2,41.1,48.9,16.6,100.41,7.5,"2,201"
124,Brandon Ingram,NOP,23,61,29,32,34.3,115.1,114.2,1.0,21.8,1.92,17.6,1.6,12.6,7.1,9.2,53.1,58.4,27.9,99.97,12.8,"4,358"
125,DeMar DeRozan,SAS,31,61,27,34,33.7,113.0,115.5,-2.5,30.9,3.55,25.7,1.9,10.6,6.2,7.2,50.5,59.1,25.5,100.09,13.9,"4,289"
126,Dennis Schroder,LAL,27,61,38,23,32.1,110.8,108.6,2.2,26.2,2.15,25.4,1.6,9.3,5.5,11.8,48.4,54.3,22.7,99.67,9.7,"4,059"
127,Giannis Antetokounmpo,MIL,26,61,40,21,33.0,117.1,107.3,9.8,28.2,1.72,18.7,4.8,26.4,16.0,10.8,60.0,63.3,32.0,104.17,19.6,"4,359"
128,Isaiah Roby,OKC,23,61,19,42,23.4,99.5,113.6,-14.1,11.8,0.95,15.3,5.7,16.9,11.2,16.1,52.0,55.5,17.1,102.90,8.4,"3,052"
129,Kevon Looney,GSW,25,61,34,27,19.0,112.1,106.1,6.0,13.2,3.22,31.7,9.8,16.5,13.2,9.9,55.8,57.5,9.2,102.37,8.0,"2,467"
130,Landry Shamet,BKN,24,61,39,22,23.0,113.6,112.4,1.1,9.7,2.06,15.6,0.8,6.7,4.0,7.5,54.9,57.8,16.4,101.34,6.3,"2,972"
131,Markieff Morris,LAL,31,61,32,29,19.7,107.1,106.3,0.8,8.8,1.35,13.9,4.0,17.6,10.9,10.3,49.1,50.9,16.0,100.47,7.6,"2,512"
132,Michael Porter Jr.,DEN,22,61,40,21,31.3,120.2,111.9,8.3,5.2,0.91,6.9,5.1,18.9,12.1,7.6,64.6,66.3,21.4,98.10,12.5,"3,924"
133,Precious Achiuwa,MIA,21,61,31,30,12.1,102.0,109.2,-7.2,6.4,0.67,8.3,9.7,17.4,13.6,12.3,54.4,55.0,18.4,101.39,8.6,"1,555"
134,Richaun Holmes,SAC,27,61,29,32,29.2,114.9,114.6,0.3,8.2,1.35,12.3,8.1,19.6,14.0,9.1,63.8,66.9,17.3,100.46,12.2,"3,728"
135,Stanley Johnson,TOR,24,61,25,36,16.5,105.3,111.7,-6.4,12.7,1.65,22.3,2.7,12.8,7.5,13.5,47.9,51.9,13.0,101.77,5.6,"2,122"
136,Terence Davis,SAC,24,61,26,35,17.6,107.3,110.1,-2.8,12.2,1.32,13.3,1.8,12.5,7.0,10.1,53.5,55.5,21.3,102.23,8.7,"2,286"
137,Tyrese Maxey,PHI,20,61,41,20,15.3,106.4,108.0,-1.6,20.7,2.93,19.4,1.1,9.8,5.4,6.6,49.8,53.1,22.2,101.20,10.6,"1,963"
138,Zion Williamson,NOP,20,61,29,32,33.2,113.9,111.7,2.1,18.8,1.35,13.7,8.1,13.1,10.6,10.1,61.6,64.9,28.7,103.30,16.1,"4,358"
139,Bradley Beal,WAS,27,60,32,28,35.8,114.4,114.8,-0.4,20.2,1.42,13.2,3.3,9.4,6.4,9.3,53.2,59.3,33.1,105.21,14.5,"4,713"
140,Cameron Johnson,PHX,25,60,43,17,24.0,112.2,106.5,5.7,8.3,2.15,13.6,2.3,11.8,7.0,6.3,54.1,56.3,16.4,98.76,8.1,"2,958"
141,Cameron Payne,PHX,26,60,42,18,18.0,116.4,108.6,7.8,28.1,3.62,31.1,1.6,11.9,6.9,8.6,57.6,60.2,19.3,99.23,11.7,"2,233"
142,Chris Boucher,TOR,28,60,25,35,24.2,114.4,110.7,3.8,6.8,1.37,8.4,7.8,19.2,13.5,6.1,59.5,63.4,20.2,100.04,13.2,"3,020"
143,Collin Sexton,CLE,22,60,18,42,35.3,104.8,114.0,-9.2,22.2,1.57,15.5,2.7,6.3,4.4,9.9,51.9,57.3,28.6,99.26,11.5,"4,386"
144,Dorian Finney-Smith,DAL,28,60,36,24,32.0,117.2,112.1,5.1,7.0,2.13,16.1,5.2,11.6,8.4,7.6,60.0,60.9,12.0,98.37,7.4,"3,935"
145,Jae Crowder,PHX,30,60,42,18,27.5,114.3,107.9,6.3,10.2,2.31,18.1,2.0,14.6,8.5,7.8,55.5,57.4,15.2,100.00,8.1,"3,434"
146,Jaxson Hayes,NOP,21,60,24,36,16.1,104.6,105.5,-0.9,5.7,0.90,8.6,8.7,16.1,12.4,9.6,63.6,67.5,15.6,103.55,12.3,"2,078"
147,Jevon Carter,PHX,25,60,42,18,11.9,110.9,107.6,3.3,13.6,4.44,22.8,2.2,10.7,6.3,5.1,54.7,54.8,14.6,99.79,7.5,"1,482"
148,Lonnie Walker IV,SAS,22,60,28,32,25.4,109.4,115.7,-6.3,9.5,1.55,12.6,0.9,9.3,5.0,8.1,50.2,52.3,19.9,100.05,6.3,"3,168"
149,Mychal Mulder,GSW,26,60,33,27,12.8,111.3,108.4,2.9,4.7,1.63,8.2,1.0,6.2,3.7,5.0,60.9,61.3,15.7,105.81,6.2,"1,695"
150,Brandon Clarke,MEM,24,59,32,27,24.0,109.5,109.3,0.2,9.4,2.88,14.3,6.4,16.0,11.1,5.0,53.7,56.0,16.7,101.99,11.0,"2,996"
151,Cedi Osman,CLE,26,59,17,42,25.6,103.3,114.2,-11.0,17.3,2.17,19.8,2.4,11.3,6.7,9.1,45.8,48.8,19.8,99.00,7.3,"3,124"
152,Josh Okogie,MIN,22,59,21,38,20.3,107.7,114.3,-6.6,7.2,1.47,15.5,4.8,7.9,6.3,10.6,45.9,52.4,11.9,102.94,4.5,"2,556"
153,Josh Richardson,DAL,27,59,35,24,30.3,113.5,113.7,-0.2,12.3,1.94,17.1,2.8,7.9,5.4,8.8,49.8,53.7,18.1,98.27,7.3,"3,647"
154,Jrue Holiday,MIL,30,59,41,18,32.3,117.9,108.8,9.2,25.3,2.81,26.2,3.7,9.3,6.6,9.3,57.0,59.2,21.7,103.99,12.4,"4,131"
155,Xavier Tillman,MEM,22,59,31,28,18.4,109.5,106.6,2.9,9.6,1.67,17.1,6.5,16.3,11.3,10.3,59.5,60.5,14.2,101.41,9.5,"2,276"
156,Alex Caruso,LAL,27,58,32,26,21.0,107.2,101.7,5.5,19.0,2.11,27.9,2.5,11.4,6.9,13.2,52.6,54.7,14.4,100.29,8.4,"2,532"
157,Ben Simmons,PHI,24,58,42,16,32.4,113.9,106.0,8.0,30.8,2.32,31.2,5.1,16.6,11.1,13.5,56.0,58.4,20.0,101.44,12.8,"3,973"
158,De'Aaron Fox,SAC,23,58,24,34,35.1,113.5,118.0,-4.5,32.6,2.40,22.2,1.6,8.5,5.0,9.3,52.3,56.5,30.4,101.86,12.4,"4,320"
159,Derrick Jones Jr.,POR,24,58,32,26,22.7,113.3,114.0,-0.8,4.9,1.47,11.1,5.5,9.4,7.4,7.6,55.4,57.6,12.2,99.50,5.8,"2,713"
160,Dwight Powell,DAL,29,58,36,22,16.6,112.8,108.8,4.0,9.0,1.58,17.8,8.6,15.8,12.3,11.3,63.1,68.8,12.9,99.87,9.9,"2,007"
161,Gary Trent Jr.,TOR,22,58,29,29,31.1,113.9,115.7,-1.8,6.7,1.86,8.4,1.4,6.9,4.0,4.5,51.3,53.4,20.4,99.82,7.1,"3,752"
162,Harrison Barnes,SAC,28,58,25,33,36.2,114.4,116.2,-1.8,12.8,2.16,19.4,3.1,15.2,9.2,9.0,57.5,62.6,16.9,101.16,10.7,"4,440"
163,JaMychal Green,DEN,30,58,38,20,19.3,111.8,107.6,4.1,7.0,1.00,10.5,7.2,17.7,12.2,10.5,56.8,59.0,17.2,97.77,8.8,"2,283"
164,Jaylen Brown,BOS,24,58,30,28,34.5,113.5,111.8,1.8,16.2,1.23,12.4,3.5,13.6,8.5,10.1,55.8,58.6,29.0,100.17,12.9,"4,169"
165,Steven Adams,NOP,27,58,26,32,27.7,114.9,115.0,-0.1,8.8,1.42,19.8,13.2,18.7,16.0,13.9,61.4,59.6,11.8,99.08,9.0,"3,320"
166,Timothe Luwawu-Cabarrot,BKN,26,58,38,20,18.1,112.5,112.9,-0.4,8.8,1.60,14.2,2.6,9.2,5.9,8.8,47.1,49.3,16.5,103.06,4.7,"2,247"
167,Tomas Satoransky,CHI,29,58,25,33,22.5,109.4,110.1,-0.8,27.8,2.82,37.3,2.4,8.7,5.5,13.2,57.8,61.4,15.0,99.25,9.6,"2,711"
168,Tyrese Haliburton,SAC,21,58,25,33,30.1,110.8,116.4,-5.6,24.7,3.36,29.7,2.2,7.6,4.9,8.8,56.9,58.5,17.5,102.31,10.4,"3,733"
169,Wesley Matthews,LAL,34,58,33,25,19.5,106.9,105.0,1.9,6.5,2.08,15.7,1.8,6.4,4.1,7.5,48.4,51.7,11.1,99.34,4.4,"2,335"
170,Zach LaVine,CHI,26,58,26,32,35.1,112.4,113.1,-0.8,22.5,1.39,16.3,1.8,12.1,7.1,11.7,59.6,63.4,30.2,101.34,14.0,"4,304"
171,D.J. Augustin,HOU,33,57,28,29,19.8,112.7,114.5,-1.8,22.3,2.89,29.7,1.7,6.3,4.0,10.3,51.5,57.0,16.4,101.99,7.9,"2,401"
172,Damion Lee,GSW,28,57,28,29,18.9,109.7,108.2,1.6,9.4,2.43,18.5,2.0,14.2,8.1,7.6,60.8,63.6,12.7,103.21,8.8,"2,322"
173,Davis Bertans,WAS,28,57,29,28,25.7,112.8,110.8,2.1,4.3,1.48,8.2,1.1,9.5,5.3,5.5,58.1,62.0,14.8,106.56,6.9,"3,269"
174,DeAndre Jordan,BKN,32,57,37,20,21.9,113.0,114.8,-1.9,9.9,1.09,19.9,9.7,23.1,16.8,18.2,76.3,73.6,12.8,101.05,11.2,"2,626"
175,Marcus Morris Sr.,LAC,31,57,38,19,26.3,117.4,113.1,4.2,5.6,1.02,7.9,2.5,13.3,8.0,7.8,59.2,61.4,19.4,98.69,9.1,"3,089"
176,Rui Hachimura,WAS,23,57,29,28,31.5,109.5,112.4,-2.8,6.2,1.21,9.4,2.6,13.9,8.3,7.8,51.3,54.9,18.0,105.48,8.2,"3,950"
177,Seth Curry,PHI,30,57,39,18,28.7,114.7,106.5,8.2,13.1,2.38,19.4,0.6,7.4,4.2,8.1,58.2,60.7,16.9,100.40,8.4,"3,444"
178,Thanasis Antetokounmpo,MIL,28,57,37,20,9.7,107.1,104.6,2.5,11.3,1.07,18.6,9.3,11.3,10.3,17.4,51.5,52.3,14.7,106.62,5.5,"1,204"
179,Garrett Temple,CHI,35,56,25,31,27.3,110.8,109.3,1.5,10.4,2.14,21.3,1.9,8.2,5.2,10.0,50.3,52.5,12.6,102.20,5.1,"3,254"
180,Kendrick Nunn,MIA,25,56,31,25,29.5,111.1,111.6,-0.4,14.0,1.85,16.2,1.3,9.6,5.5,8.8,57.8,59.6,20.5,97.49,9.5,"3,355"
181,Malcolm Brogdon,IND,28,56,27,29,34.5,110.6,111.1,-0.5,27.1,2.86,22.0,2.9,11.8,7.3,7.7,52.7,56.1,25.7,101.02,12.8,"4,056"
182,Mason Plumlee,DET,31,56,14,42,26.8,109.1,114.0,-4.9,20.5,1.92,26.5,9.5,26.4,17.6,13.8,61.4,63.8,16.3,98.52,12.9,"3,076"
183,Pascal Siakam,TOR,27,56,21,35,35.8,114.4,111.4,3.0,19.5,1.92,17.0,4.5,15.6,9.9,8.8,49.3,54.7,26.1,99.50,11.9,"4,161"
184,Paul Millsap,DEN,36,56,38,18,20.8,116.2,111.5,4.7,11.3,1.92,16.6,6.7,16.7,11.7,8.6,53.7,56.5,18.4,96.76,9.8,"2,339"
185,Sekou Doumbouya,DET,20,56,15,41,15.5,104.5,111.5,-6.9,8.0,1.07,11.7,4.5,11.7,8.2,10.9,42.6,45.9,17.6,99.17,4.5,"1,792"
186,Semi Ojeleye,BOS,26,56,28,28,17.0,107.6,107.8,-0.2,5.4,1.76,12.6,3.2,12.1,7.6,7.2,53.4,55.3,11.4,99.00,6.3,"1,963"
187,Will Barton,DEN,30,56,37,19,31.0,118.4,112.4,6.0,13.5,1.89,19.4,2.4,10.9,6.7,10.3,50.7,53.8,18.7,97.52,7.6,"3,535"
188,Darius Bazley,OKC,20,55,16,39,31.2,100.7,113.8,-13.1,9.1,0.81,10.0,2.7,19.3,10.8,12.3,45.6,49.1,21.8,102.43,8.6,"3,659"
189,Devonte' Graham,CHA,26,55,23,32,30.2,109.2,107.1,2.1,27.2,3.51,26.4,1.3,7.5,4.3,7.5,51.0,55.2,21.1,99.34,10.3,"3,444"
190,Furkan Korkmaz,PHI,23,55,39,16,19.3,110.3,104.3,6.0,11.1,1.78,14.0,1.5,9.0,5.2,7.9,52.0,54.4,19.5,101.22,8.9,"2,243"
191,Jeff Teague,MIL,32,55,27,28,17.3,113.0,110.3,2.8,18.2,2.06,25.0,1.6,7.4,4.6,12.1,49.6,56.2,17.4,101.90,7.9,"2,017"
192,Kelly Oubre Jr.,GSW,25,55,27,28,30.7,105.2,109.8,-4.6,6.7,1.04,7.8,4.6,13.5,9.1,7.4,50.1,52.9,21.5,104.57,9.0,"3,667"
193,Lonzo Ball,NOP,23,55,23,32,31.8,114.2,113.7,0.5,24.6,2.57,27.1,1.8,12.9,7.3,10.5,53.7,55.1,20.2,100.81,10.5,"3,683"
194,Rodney Hood,TOR,28,55,29,26,17.1,107.4,114.0,-6.6,8.3,1.47,14.7,2.3,8.4,5.2,10.0,42.7,45.2,13.9,99.67,3.7,"1,957"
195,Daniel Gafford,WAS,22,54,31,23,14.7,112.5,108.4,4.1,5.1,0.71,8.5,11.8,16.0,14.0,12.0,68.4,69.7,16.1,104.72,12.2,"1,717"
196,Darius Garland,CLE,21,54,18,36,33.1,105.7,112.3,-6.6,29.8,2.01,24.4,1.3,6.2,3.7,12.1,51.7,54.7,24.5,98.78,10.1,"3,687"
197,Deni Avdija,WAS,20,54,25,29,23.3,107.8,109.9,-2.1,6.4,1.91,14.8,1.7,18.1,9.9,7.7,50.2,51.5,11.8,106.28,6.0,"2,773"
198,Drew Eubanks,SAS,24,54,21,33,14.0,103.6,108.2,-4.6,8.6,0.93,12.4,9.0,20.7,14.8,13.2,57.1,61.8,16.6,102.29,11.5,"1,599"
199,Jerami Grant,DET,27,54,15,39,33.9,108.3,111.5,-3.2,14.5,1.39,11.3,1.8,11.8,6.7,8.1,49.1,55.6,27.8,99.21,11.4,"3,783"
200,Kira Lewis Jr.,NOP,20,54,23,31,16.7,108.9,108.1,0.8,19.1,3.65,24.0,1.2,6.4,3.7,6.6,44.5,47.7,17.6,102.61,6.4,"1,937"
201,Kyrie Irving,BKN,29,54,36,18,34.9,119.4,113.8,5.6,26.9,2.49,19.9,2.9,10.1,6.7,8.0,57.6,61.4,29.7,101.13,14.9,"3,976"
202,Miye Oni,UTA,23,54,45,9,9.6,108.4,99.5,8.8,7.1,1.75,19.2,4.3,10.6,7.6,11.0,50.5,51.7,9.5,101.61,4.0,"1,097"
203,Paul George,LAC,31,54,38,16,33.7,118.3,107.0,11.3,23.9,1.56,18.6,2.6,17.1,10.1,11.9,55.7,59.8,29.6,97.55,14.5,"3,707"
204,Tristan Thompson,BOS,30,54,27,27,23.8,111.9,110.9,1.0,7.3,1.08,13.2,12.4,21.2,16.7,12.2,51.8,54.0,14.4,99.66,9.3,"2,670"
205,Tyler Herro,MIA,21,54,29,25,30.3,107.7,110.6,-2.9,18.4,1.82,17.9,1.5,14.4,8.1,9.8,51.6,54.3,22.5,98.46,10.8,"3,360"
206,Wendell Carter Jr.,ORL,22,54,21,33,25.5,104.5,113.5,-9.0,11.6,1.33,14.5,9.1,21.9,15.4,10.9,52.0,56.6,18.8,100.67,11.5,"2,893"
207,Aron Baynes,TOR,34,53,20,33,18.5,106.6,111.0,-4.4,7.0,1.02,11.4,8.2,19.2,13.5,11.1,48.5,50.3,15.7,101.31,7.0,"2,074"
208,Ben McLemore,LAL,28,53,20,33,17.1,105.0,109.2,-4.2,6.4,0.93,8.4,1.5,9.1,5.1,9.1,50.3,52.3,19.2,103.95,5.3,"1,952"
209,Caleb Martin,CHA,25,53,23,30,15.4,104.7,109.5,-4.9,12.3,2.03,17.5,3.6,12.5,8.1,8.6,43.6,46.5,16.4,99.93,6.7,"1,696"
210,Donovan Mitchell,UTA,24,53,39,14,33.4,117.1,109.2,7.9,26.6,1.88,16.8,2.8,9.5,6.3,8.9,52.0,56.9,32.7,99.99,13.8,"3,688"
211,Edmond Sumner,IND,25,53,23,30,16.2,111.8,112.2,-0.4,7.5,0.96,11.8,2.0,8.3,5.2,12.2,58.7,62.6,17.6,105.90,7.2,"1,889"
212,Juan Toscano-Anderson,GSW,28,53,28,25,20.9,109.4,105.6,3.8,18.1,2.46,34.6,2.6,17.2,10.2,14.1,66.7,67.6,10.8,104.08,9.8,"2,404"
213,Willie Cauley-Stein,DAL,27,53,29,24,17.1,114.4,105.0,9.4,5.3,1.21,12.4,7.3,17.5,12.6,10.3,63.5,64.7,12.0,99.00,8.4,"1,851"
214,Cody Martin,CHA,25,52,26,26,16.3,109.1,108.1,1.0,13.8,2.15,25.9,5.9,12.6,9.2,12.0,48.4,50.0,12.3,100.16,7.3,"1,762"
215,De'Anthony Melton,MEM,22,52,27,25,20.1,111.4,105.4,6.0,17.2,2.00,21.6,2.6,11.8,7.2,10.8,54.8,56.8,18.9,102.73,10.0,"2,230"
216,Fred VanVleet,TOR,27,52,22,30,36.5,113.6,110.2,3.3,26.4,3.45,23.8,1.6,10.1,5.7,6.9,48.9,53.4,23.7,99.17,11.5,"3,927"
217,Hamidou Diallo,DET,22,52,18,34,23.6,102.0,110.6,-8.6,13.3,1.33,13.8,4.6,16.1,10.5,10.4,50.6,54.1,21.8,100.59,9.9,"2,583"
218,Jimmy Butler,MIA,31,52,33,19,33.6,112.1,106.9,5.2,34.5,3.39,26.5,5.6,15.3,10.5,7.8,51.4,60.7,25.9,97.73,18.4,"3,557"
219,Juancho Hernangomez,MIN,25,52,19,33,17.3,110.5,115.4,-4.9,5.5,1.30,8.7,4.7,17.7,11.0,6.7,52.7,54.9,16.7,102.74,8.5,"1,937"
220,Kawhi Leonard,LAC,29,52,36,16,34.1,121.4,109.2,12.2,23.8,2.56,19.2,3.4,16.1,9.9,7.5,56.8,62.2,28.2,97.48,17.0,"3,603"
221,Luguentz Dort,OKC,22,52,18,34,29.7,104.4,111.6,-7.2,9.0,1.11,10.1,2.3,9.2,5.7,9.0,47.5,51.3,21.8,101.09,6.2,"3,242"
222,Marc Gasol,LAL,36,52,32,20,19.1,108.5,104.2,4.3,14.5,2.06,28.9,3.9,17.4,10.8,14.1,58.2,60.6,11.7,99.96,8.3,"2,068"
223,P.J. Tucker,MIL,36,52,27,25,26.1,109.2,114.7,-5.5,5.7,1.53,21.0,3.5,11.3,7.3,13.7,48.6,51.0,7.2,101.99,3.4,"2,871"
224,Robert Williams III,BOS,23,52,29,23,18.9,112.4,112.0,0.4,13.7,1.81,21.6,13.6,23.2,18.4,12.0,72.1,71.9,14.5,99.97,15.2,"2,052"
225,Danilo Gallinari,ATL,32,51,29,22,24.0,113.0,110.3,2.7,9.9,1.77,11.4,1.5,15.5,8.7,6.4,54.2,61.3,21.1,98.80,11.2,"2,526"
226,DeAndre' Bembry,TOR,26,51,23,28,19.1,108.1,107.7,0.4,15.7,1.51,24.6,3.3,11.2,7.2,16.3,54.4,57.0,14.2,101.10,7.9,"2,046"
227,James Johnson,NOP,34,51,21,30,20.5,106.4,111.4,-5.0,13.4,1.78,19.1,2.9,13.1,8.0,10.7,49.4,51.0,16.6,102.54,7.1,"2,220"
228,Joel Embiid,PHI,27,51,39,12,31.1,117.8,105.8,12.0,15.6,0.91,10.0,7.8,25.4,17.2,11.0,54.5,63.6,35.2,100.79,20.3,"3,331"
229,Jordan McLaughlin,MIN,25,51,15,36,18.4,102.6,108.8,-6.3,29.2,3.78,38.6,2.0,9.0,5.3,10.2,48.1,50.2,13.3,103.41,9.5,"2,018"
230,Jordan Poole,GSW,21,51,28,23,19.4,107.6,106.9,0.7,16.1,1.94,14.8,1.5,7.4,4.4,7.6,53.5,58.1,24.6,101.94,10.1,"2,105"
231,LaMelo Ball,CHA,19,51,23,28,28.8,108.7,111.8,-3.1,32.2,2.16,26.1,4.1,16.1,10.0,12.1,50.4,53.9,24.7,103.35,12.1,"3,169"
232,Lauri Markkanen,CHI,24,51,20,31,25.8,107.1,109.9,-2.8,5.1,0.87,6.9,2.7,17.3,10.1,7.9,59.4,61.9,19.7,100.78,11.0,"2,780"
233,Mike Conley,UTA,33,51,37,14,29.4,116.2,99.5,16.7,30.3,3.08,27.5,2.4,8.2,5.5,8.9,55.2,58.9,22.4,101.52,13.1,"3,176"
234,Mike Scott,PHI,32,51,35,16,16.7,105.7,105.9,-0.2,6.4,2.11,14.5,1.2,12.9,6.9,6.9,48.6,49.2,11.6,101.90,5.0,"1,806"
235,R.J. Hampton,ORL,20,51,20,31,17.4,102.6,116.7,-14.2,15.5,1.64,17.8,3.0,16.2,9.4,10.8,47.8,50.7,19.1,101.94,8.5,"1,879"
236,Sterling Brown,HOU,26,51,14,37,24.1,105.5,110.8,-5.4,8.8,1.76,15.6,2.9,14.7,8.6,8.9,58.4,59.7,13.3,102.14,8.2,"2,608"
237,Aaron Gordon,DEN,25,50,29,21,27.7,112.5,110.4,2.1,16.5,1.66,19.6,5.5,15.0,10.2,11.8,52.2,54.7,20.4,99.48,9.5,"2,868"
238,Dario Saric,PHX,27,50,37,13,17.4,115.9,104.4,11.5,10.4,1.14,12.7,5.5,16.8,11.2,11.2,51.6,56.7,21.8,101.27,9.4,"1,840"
239,Derrick Rose,NYK,32,50,28,22,25.6,109.8,105.0,4.9,27.6,2.68,21.9,1.5,8.1,4.9,8.2,51.1,55.0,25.2,98.32,13.3,"2,622"
240,Gabe Vincent,MIA,24,50,27,23,13.1,104.3,110.3,-5.9,16.1,1.97,19.6,1.6,6.8,4.3,9.9,47.6,49.8,18.4,97.74,4.9,"1,335"
241,Goran Dragic,MIA,35,50,30,20,26.7,110.1,108.6,1.5,26.0,1.86,23.1,1.9,10.7,6.3,12.5,51.4,55.2,23.9,98.59,9.7,"2,745"
242,Grayson Allen,MEM,25,50,26,24,25.2,111.6,111.0,0.5,11.6,2.25,17.9,1.4,10.6,6.0,7.9,54.7,58.6,16.4,102.33,8.4,"2,682"
243,Karl-Anthony Towns,MIN,25,50,19,31,33.8,114.6,114.7,-0.1,21.6,1.41,16.2,7.5,23.7,15.4,11.5,55.5,61.2,28.6,101.77,15.5,"3,588"
244,Maxi Kleber,DAL,29,50,31,19,26.8,113.5,108.9,4.6,6.6,2.27,17.4,3.5,15.1,9.5,7.7,58.0,60.6,10.3,100.10,7.3,"2,799"
245,Onyeka Okongwu,ATL,20,50,31,19,12.0,106.2,112.6,-6.3,4.7,0.62,8.2,10.0,17.2,13.5,13.2,64.4,65.5,14.1,101.40,8.7,"1,266"
246,PJ Dozier,DEN,24,50,36,14,21.8,112.0,102.5,9.5,11.6,2.00,17.7,3.1,13.3,8.2,8.8,48.3,50.1,16.6,99.31,7.6,"2,242"
247,Torrey Craig,PHX,30,50,33,17,16.1,111.0,114.7,-3.7,8.4,1.96,15.7,7.0,18.5,12.5,8.0,56.6,57.9,14.1,99.20,8.6,"1,645"
248,Yuta Watanabe,TOR,26,50,24,26,14.5,105.0,107.8,-2.7,7.9,2.11,15.9,4.6,17.1,10.6,7.5,53.9,56.5,12.1,101.77,8.9,"1,533"
249,Alec Burks,NYK,29,49,27,22,25.6,109.6,104.6,5.0,13.5,2.18,15.2,1.6,15.6,8.7,6.9,52.2,56.4,20.8,97.22,11.5,"2,540"
250,Cody Zeller,CHA,28,48,21,27,20.9,112.3,110.3,2.0,12.5,1.69,16.8,11.5,21.0,16.1,10.0,56.5,59.9,17.7,100.91,11.4,"2,113"
251,Jamal Murray,DEN,24,48,31,17,35.5,118.6,110.6,8.0,19.7,2.14,19.3,2.3,9.5,5.9,9.0,55.9,59.2,24.4,97.41,11.7,"3,468"
252,Marcus Smart,BOS,27,48,24,24,32.9,114.2,111.3,2.8,22.7,2.84,28.7,2.2,8.4,5.2,10.1,48.9,53.9,17.9,101.16,8.5,"3,332"
253,Nassir Little,POR,21,48,27,21,13.3,116.2,118.4,-2.2,4.9,1.28,10.1,4.6,14.4,9.4,7.9,55.1,58.9,13.5,99.06,7.2,"1,317"
254,Saben Lee,DET,21,48,14,34,16.3,105.4,111.7,-6.3,33.3,3.16,36.3,2.6,9.9,6.3,11.5,49.0,53.6,17.1,98.91,9.6,"1,614"
255,Brandon Goodwin,ATL,25,47,25,22,13.2,104.7,109.1,-4.4,24.6,2.64,25.4,1.2,9.7,5.3,9.6,44.8,47.1,19.0,99.05,7.2,"1,276"
256,CJ McCollum,POR,29,47,28,19,34.0,119.0,112.8,6.2,22.0,3.43,18.2,1.8,9.9,5.6,5.3,55.4,57.7,26.5,100.01,12.3,"3,333"
257,Caris LeVert,IND,26,47,24,23,31.6,111.9,112.1,-0.2,25.5,2.40,19.8,2.2,11.1,6.8,8.2,49.3,53.1,27.9,104.41,11.6,"3,231"
258,Cole Anthony,ORL,21,47,13,34,27.1,103.5,116.3,-12.8,24.1,1.81,21.2,2.7,14.2,8.1,11.7,44.9,49.6,23.5,100.08,9.1,"2,662"
259,Frank Kaminsky,PHX,28,47,33,14,15.2,113.5,108.9,4.6,15.4,3.59,20.5,5.1,20.8,13.1,5.7,53.1,54.7,18.5,99.62,10.6,"1,478"
260,Jalen McDaniels,CHA,23,47,18,29,19.2,104.6,113.9,-9.4,9.0,1.18,13.0,4.7,13.8,9.1,11.0,53.0,55.4,16.9,98.54,7.3,"1,852"
261,Josh Hart,NOP,26,47,21,26,28.7,111.9,112.1,-0.2,10.9,2.22,20.2,3.9,23.4,13.8,9.1,53.1,56.6,13.3,101.19,10.0,"2,847"
262,Malachi Flynn,TOR,23,47,21,26,19.7,103.8,109.4,-5.6,22.5,3.19,25.3,1.0,11.4,6.0,7.9,45.3,48.4,18.3,101.04,8.3,"1,958"
263,Monte Morris,DEN,25,47,30,17,25.5,115.7,109.5,6.2,17.2,4.41,24.9,0.9,7.1,4.0,5.6,54.7,57.4,16.1,98.88,9.2,"2,464"
264,Myles Turner,IND,25,47,22,25,31.0,109.2,107.9,1.3,4.7,0.72,7.8,4.3,15.9,10.2,10.9,55.7,59.9,16.7,100.71,9.0,"3,047"
265,Tony Snell,ATL,29,47,29,18,21.1,113.8,111.6,2.2,8.0,2.81,23.1,1.9,9.0,5.6,8.2,69.6,70.8,8.4,98.85,6.0,"2,051"
266,Willy Hernangomez,NOP,26,47,20,27,18.0,113.6,113.6,0.0,8.2,1.47,12.7,13.4,24.7,19.1,8.7,56.5,59.1,16.6,103.19,12.5,"1,813"
267,Aaron Nesmith,BOS,21,46,22,24,14.5,108.6,109.1,-0.5,4.7,1.00,9.7,4.1,14.6,9.3,9.7,55.1,57.3,13.3,101.13,6.0,"1,409"
268,Andre Drummond,LAL,27,46,19,27,27.0,107.5,111.4,-3.9,12.4,0.76,10.7,13.2,33.6,22.9,14.1,49.3,51.9,26.9,98.31,13.9,"2,540"
269,Blake Griffin,BKN,32,46,24,22,25.8,113.1,111.0,2.1,17.1,2.26,21.2,2.9,15.9,9.4,9.4,50.9,54.6,19.1,98.38,9.2,"2,435"
270,Damyean Dotson,CLE,27,46,14,32,19.7,97.0,109.4,-12.5,16.1,2.17,20.6,0.5,9.5,4.8,9.5,48.5,49.9,16.2,99.68,6.9,"1,893"
271,Isaiah Hartenstein,CLE,23,46,20,26,12.1,107.8,105.7,2.1,14.7,1.25,18.3,11.4,20.7,16.0,14.6,55.6,58.3,18.7,99.97,10.8,"1,152"
272,JaVale McGee,DEN,33,46,21,25,14.7,100.9,106.9,-6.1,9.8,0.65,9.5,10.5,23.1,16.6,14.6,52.0,54.1,22.8,99.87,11.5,"1,410"
273,Kyle Lowry,TOR,35,46,15,31,34.8,112.6,113.0,-0.3,31.1,2.68,30.0,2.1,13.3,7.5,11.2,54.6,59.3,20.9,101.38,11.5,"3,385"
274,Mo Bamba,ORL,23,46,11,35,15.8,102.4,115.2,-12.9,8.2,0.97,8.8,9.1,24.0,16.3,9.0,53.5,55.6,21.0,101.09,12.3,"1,523"
275,Nickeil Alexander-Walker,NOP,22,46,20,26,21.9,108.2,111.5,-3.3,15.5,1.48,15.6,1.2,12.7,6.9,10.5,50.2,52.2,22.8,100.54,8.8,"2,117"
276,Terrence Ross,ORL,30,46,16,30,29.3,103.2,112.0,-8.8,13.3,1.46,12.7,1.0,10.4,5.4,8.7,48.5,53.0,23.0,100.24,9.0,"2,818"
277,Wayne Ellington,DET,33,46,13,33,22.0,110.0,114.2,-4.3,9.7,2.03,14.9,1.2,7.3,4.2,7.3,61.2,62.5,16.2,99.33,7.5,"2,103"
278,Aleksej Pokusevski,OKC,19,45,13,32,24.2,98.1,114.9,-16.7,13.3,0.98,15.5,2.5,15.5,9.0,15.9,41.2,43.0,19.7,104.44,5.8,"2,373"
279,Chuma Okeke,ORL,22,45,15,30,25.2,102.6,109.8,-7.2,13.2,2.66,21.1,3.3,11.7,7.4,7.9,49.2,51.1,14.2,100.85,8.4,"2,374"
280,Goga Bitadze,IND,21,45,19,26,12.5,108.5,109.3,-0.8,8.7,2.18,13.4,9.5,14.8,12.1,6.2,47.9,52.3,16.9,105.27,7.8,"1,227"
281,Jake Layman,MIN,27,45,12,33,13.9,101.5,107.3,-5.8,6.7,1.08,11.1,1.9,8.3,5.1,10.3,55.7,57.7,14.7,104.15,7.4,"1,360"
282,Kenyon Martin Jr.,HOU,20,45,10,35,23.7,105.5,117.0,-11.5,6.8,1.26,10.9,6.3,15.9,10.8,8.6,56.4,59.0,15.4,102.71,9.0,"2,275"
283,LeBron James,LAL,36,45,30,15,33.4,112.4,103.2,9.2,39.4,2.08,24.3,2.0,20.2,11.4,11.7,57.6,60.2,31.0,100.41,19.1,"3,145"
284,Matt Thomas,UTA,26,45,27,18,7.3,100.0,109.3,-9.3,9.6,1.36,11.6,2.0,11.2,6.5,8.5,50.0,52.2,18.7,102.28,7.1,695
285,Moritz Wagner,ORL,24,45,19,26,16.0,104.9,112.8,-7.9,10.7,1.16,13.9,3.5,14.9,9.3,11.9,52.2,58.0,17.8,104.80,8.0,"1,568"
286,Nicolo Melli,DAL,30,45,26,19,12.6,106.3,105.2,1.1,10.8,3.67,21.2,4.6,16.6,10.2,5.8,40.8,44.1,12.3,96.87,6.4,"1,148"
287,Rajon Rondo,LAC,35,45,28,17,17.1,107.7,106.8,1.0,37.5,2.52,39.8,2.3,11.3,6.9,15.8,52.6,54.4,16.6,99.08,11.0,"1,591"
288,Taj Gibson,NYK,35,45,29,16,20.8,110.5,103.1,7.3,5.4,1.64,14.9,10.2,15.1,12.7,9.1,63.6,66.1,9.5,97.67,9.5,"1,899"
289,Amir Coffey,LAC,23,44,32,12,9.0,99.9,101.1,-1.2,9.0,1.47,14.0,2.3,8.1,5.2,9.6,54.9,58.5,14.5,99.76,7.0,812
290,Bogdan Bogdanovic,ATL,28,44,30,14,29.7,114.9,111.0,3.9,16.9,2.72,18.7,1.6,10.4,6.1,6.9,60.2,61.6,21.0,99.59,11.0,"2,710"
291,Gordon Hayward,CHA,31,44,24,20,34.0,111.0,110.3,0.7,18.9,1.99,17.9,2.4,14.3,8.3,9.0,53.7,58.4,23.5,100.83,12.4,"3,142"
292,Ish Smith,WAS,32,44,23,21,21.0,111.0,108.7,2.3,24.2,4.20,32.8,2.2,13.1,7.6,7.8,46.5,47.3,15.5,104.87,9.3,"2,020"
293,JJ Redick,DAL,36,44,22,22,16.4,109.3,110.6,-1.3,9.8,1.42,13.7,0.6,8.2,4.4,9.7,52.1,56.4,18.4,102.32,6.7,"1,552"
294,James Harden,BKN,31,44,31,13,36.6,117.2,114.3,2.9,44.2,2.68,31.2,2.3,19.1,11.1,11.6,54.8,61.8,28.3,99.78,17.4,"3,347"
295,Ryan Arcidiacono,CHI,27,44,20,24,10.2,104.0,104.0,0.0,17.6,5.60,29.3,1.1,13.5,7.4,5.2,52.6,54.1,12.8,99.21,7.8,936
296,John Konchar,MEM,25,43,23,20,13.4,110.6,108.6,2.1,11.1,2.61,21.6,5.7,16.1,10.7,8.3,57.6,60.8,12.4,100.85,9.8,"1,204"
297,Kemba Walker,BOS,31,43,22,21,31.8,114.5,111.4,3.1,23.3,2.41,20.5,1.2,11.3,6.2,8.5,51.4,55.9,25.6,99.45,12.3,"2,839"
298,Kristaps Porzingis,DAL,25,43,26,17,30.9,116.0,115.3,0.7,8.1,1.33,7.9,6.2,21.9,14.1,5.9,54.7,58.2,25.9,98.93,13.5,"2,729"
299,Marvin Bagley III,SAC,22,43,20,23,25.9,112.8,116.5,-3.7,5.7,0.73,6.6,9.2,18.8,14.0,9.0,54.2,55.4,22.9,101.26,9.9,"2,345"
300,Moses Brown,OKC,21,43,8,35,21.4,98.1,116.4,-18.3,1.7,0.23,2.7,14.3,23.8,18.8,11.4,54.5,57.2,15.7,104.74,11.4,"2,010"
301,OG Anunoby,TOR,23,43,18,25,33.3,112.4,109.1,3.3,9.8,1.25,12.8,3.7,12.5,8.1,10.2,58.0,60.5,19.3,99.90,9.9,"2,992"
302,D'Angelo Russell,MIN,25,42,16,26,28.5,109.7,116.8,-7.0,32.3,2.18,22.8,1.2,7.7,4.4,10.4,52.3,55.5,28.3,104.18,11.4,"2,591"
303,Evan Fournier,BOS,28,42,18,24,30.0,111.6,113.0,-1.4,17.0,1.97,17.8,0.7,9.4,4.9,9.0,56.5,59.8,22.2,101.83,9.8,"2,672"
304,Jaylen Nowell,MIN,21,42,10,32,18.1,104.5,111.1,-6.6,13.0,2.21,13.9,2.2,9.8,5.8,6.3,49.9,52.8,20.6,103.74,8.1,"1,645"
305,Kevin Knox II,NYK,21,42,26,16,11.1,101.1,104.7,-3.5,6.4,1.12,10.2,2.0,10.1,6.0,9.1,51.4,53.7,15.2,99.38,6.5,962
306,Malik Monk,CHA,23,42,19,23,20.9,109.4,108.6,0.8,15.5,1.58,15.3,1.5,9.6,5.5,9.6,54.0,56.9,22.7,101.97,9.6,"1,874"
307,Tony Bradley,OKC,23,42,15,27,16.3,108.7,110.5,-1.8,7.7,1.12,12.6,12.1,22.4,17.2,11.3,66.5,67.8,15.4,102.32,13.2,"1,463"
308,Zeke Nnaji,DEN,20,42,30,12,9.5,102.0,112.5,-10.5,3.7,1.43,7.8,3.4,12.9,8.0,5.5,59.6,61.5,12.6,102.52,7.4,852
309,Chasson Randle,ORL,28,41,10,31,20.4,97.7,112.7,-15.0,14.3,1.61,19.6,0.8,8.4,4.5,12.2,48.1,51.5,15.4,100.90,5.4,"1,759"
310,Christian Wood,HOU,25,41,12,29,32.3,108.8,112.6,-3.8,8.9,0.89,8.1,5.5,22.8,14.2,9.2,57.4,59.1,25.5,102.27,13.9,"2,829"
311,DeMarcus Cousins,LAC,30,41,22,19,17.4,103.4,106.6,-3.2,17.4,1.19,15.9,7.0,29.3,17.8,13.4,50.3,53.7,23.9,101.91,13.0,"1,508"
312,Isaiah Joe,PHI,21,41,22,19,9.3,106.9,105.1,1.8,7.2,1.82,11.5,1.4,8.3,4.5,6.3,50.8,53.3,16.3,103.07,5.8,816
313,James Ennis III,ORL,30,41,12,29,24.1,107.9,111.7,-3.8,8.7,1.72,16.5,4.2,12.3,8.2,9.6,56.6,61.3,13.7,99.60,7.7,"2,049"
314,Javonte Green,CHI,27,41,19,22,11.6,109.0,107.2,1.8,4.8,0.89,11.0,5.6,10.0,7.7,12.3,56.9,61.0,12.2,101.22,6.9,999
315,Serge Ibaka,LAC,31,41,24,17,23.3,117.5,110.1,7.4,11.0,1.68,14.7,8.0,21.7,15.0,8.7,56.3,58.5,20.0,97.67,11.5,"1,948"
316,Taurean Prince,CLE,27,41,15,26,22.1,108.5,114.6,-6.1,12.1,1.62,15.8,2.1,13.2,7.7,9.8,49.5,54.0,18.9,101.72,8.0,"1,913"
317,Vlatko Cancar,DEN,24,41,28,13,6.9,96.5,113.9,-17.5,7.3,1.00,13.3,3.5,13.6,8.3,13.3,52.1,54.7,13.2,105.68,6.9,621
318,Wes Iwundu,NOP,26,41,17,24,13.1,103.6,110.1,-6.6,4.5,0.95,11.8,2.5,13.0,7.7,12.5,35.8,42.8,10.3,102.91,3.5,"1,147"
319,Eric Paschall,GSW,24,40,20,20,17.4,103.7,110.5,-6.8,12.5,1.19,11.9,3.8,13.8,8.8,10.0,52.7,56.1,23.4,102.80,9.8,"1,483"
320,Frank Jackson,DET,23,40,13,27,18.5,106.1,107.0,-1.0,7.9,1.06,9.2,2.1,9.2,5.7,8.7,56.1,59.8,20.7,99.74,9.3,"1,535"
321,Isaac Bonga,WAS,21,40,16,24,10.8,99.2,102.4,-3.3,7.2,1.05,17.8,4.2,10.0,7.3,17.1,45.1,46.1,10.1,104.95,2.2,942
322,John Wall,HOU,30,40,12,28,32.2,106.1,111.8,-5.7,36.5,1.95,22.3,1.2,8.4,4.7,11.4,45.8,50.3,31.6,101.42,11.4,"2,717"
323,Lamar Stevens,CLE,23,40,13,27,12.5,100.1,110.5,-10.4,7.9,1.09,12.0,4.4,14.5,9.2,11.1,47.1,52.1,15.2,100.57,7.2,"1,042"
324,Langston Galloway,PHX,29,40,29,11,10.9,110.7,107.5,3.2,8.0,2.00,13.5,1.7,8.0,4.9,6.7,57.1,60.5,16.3,102.21,7.6,934
325,Alfonzo McKinnie,LAL,28,39,22,17,6.6,102.0,101.3,0.7,3.6,1.20,5.4,7.6,11.3,9.5,4.5,60.2,60.4,16.4,104.46,10.0,563
326,Damian Jones,SAC,25,39,24,15,14.0,104.9,110.0,-5.1,7.5,1.12,15.8,6.4,15.6,10.9,14.1,68.4,71.2,12.0,102.95,8.3,"1,167"
327,Gary Clark,PHI,26,39,12,27,16.8,104.1,111.7,-7.7,6.4,1.82,16.8,4.4,12.5,8.2,9.2,42.0,43.6,9.7,101.25,4.4,"1,377"
328,Gary Harris,ORL,26,39,15,24,27.7,110.0,114.2,-4.2,10.2,2.11,15.8,1.9,5.4,3.6,7.5,47.0,51.1,16.4,98.87,5.3,"2,230"
329,James Wiseman,GSW,20,39,18,21,21.4,101.8,110.6,-8.8,5.0,0.43,5.3,6.3,19.0,12.7,12.2,53.5,55.2,23.1,105.66,8.8,"1,830"
330,Josh Green,DAL,20,39,20,19,11.4,106.7,104.7,1.9,8.3,1.65,19.0,5.9,11.0,8.4,11.6,47.3,49.0,11.2,100.45,5.7,930
331,Max Strus,MIA,25,39,14,25,13.0,109.4,113.6,-4.2,7.4,3.00,10.5,1.1,7.3,4.3,3.5,58.8,59.7,17.9,98.32,7.2,"1,039"
332,Mfiondu Kabengele,CLE,23,39,20,19,7.2,93.1,107.3,-14.2,9.9,1.13,13.1,3.9,15.1,9.6,11.5,44.4,48.6,16.8,102.94,6.5,597
333,Tyler Johnson,BKN,29,39,29,10,17.5,114.0,110.7,3.3,9.1,2.76,18.3,0.9,9.6,5.5,6.6,52.5,54.6,13.2,100.58,5.9,"1,433"
334,Gorgui Dieng,SAS,31,38,14,24,14.5,106.6,113.2,-6.7,13.0,1.50,17.6,6.8,18.1,12.2,11.7,61.3,67.0,16.9,101.65,12.0,"1,175"
335,Harry Giles III,POR,23,38,23,15,9.2,101.1,111.5,-10.4,12.5,1.45,18.4,7.9,25.4,16.8,12.7,47.4,49.6,15.4,103.33,9.5,749
336,Patrick Patterson,LAC,32,38,26,12,15.3,111.2,109.1,2.1,6.9,2.64,13.6,3.2,9.3,6.3,5.2,55.8,57.1,13.5,99.85,6.6,"1,209"
337,Jusuf Nurkic,POR,26,37,22,15,23.8,115.0,108.2,6.9,20.6,1.71,21.6,9.4,28.3,18.6,12.6,53.2,55.4,21.7,102.21,13.4,"1,872"
338,KZ Okpala,MIA,22,37,22,15,12.1,102.8,109.7,-6.8,6.0,1.27,14.0,4.7,10.4,7.5,11.0,43.8,44.8,11.5,98.48,2.4,915
339,Malik Beasley,MIN,24,37,8,29,32.8,107.9,115.0,-7.2,11.4,1.47,11.3,2.1,11.2,6.4,7.7,54.7,57.0,23.5,102.10,10.1,"2,577"
340,Markus Howard,DEN,22,37,24,13,5.5,93.5,110.5,-17.0,14.5,1.00,12.4,0.4,9.5,4.8,12.4,46.2,47.7,25.0,107.97,4.6,465
341,Maurice Harkless,SAC,28,37,16,21,20.9,109.7,112.7,-2.9,7.1,2.00,17.5,1.7,9.7,5.8,8.8,48.8,52.7,11.4,102.73,4.4,"1,654"
342,Nemanja Bjelica,MIA,33,37,16,21,16.1,109.8,116.5,-6.7,16.0,2.09,21.6,4.9,17.2,10.9,10.3,52.3,55.4,17.9,100.53,8.4,"1,254"
343,Patrick Beverley,LAC,32,37,25,12,22.5,115.7,106.7,9.0,12.3,2.24,21.6,3.7,10.8,7.3,9.7,55.0,58.0,14.6,98.05,6.6,"1,698"
344,Tre Jones,SAS,21,37,15,22,7.3,98.4,112.2,-13.8,22.8,3.00,28.1,2.8,4.9,3.8,9.4,49.4,54.4,15.9,100.88,8.4,562
345,Anthony Davis,LAL,28,36,23,13,32.3,112.5,107.4,5.2,15.4,1.49,12.4,5.4,19.8,12.5,8.3,51.2,55.6,28.7,99.29,15.3,"2,399"
346,Austin Rivers,DEN,28,36,20,16,23.5,110.3,110.3,0.0,13.6,2.25,21.5,0.9,8.8,4.8,9.6,53.7,55.1,15.0,97.79,6.7,"1,726"
347,Chimezie Metu,SAC,24,36,14,22,13.6,108.7,116.4,-7.8,8.0,0.97,10.9,6.4,17.5,11.8,11.3,54.5,57.1,19.4,103.51,8.3,"1,063"
348,Danuel House Jr.,HOU,27,36,8,28,25.9,103.4,114.5,-11.2,11.0,1.92,17.1,1.8,12.1,6.7,8.9,50.4,52.5,15.3,101.91,6.5,"1,979"
349,Derrick White,SAS,26,36,18,18,29.5,113.9,108.8,5.1,16.8,2.82,18.9,1.2,8.6,4.9,6.7,50.3,55.0,22.3,99.29,9.0,"2,192"
350,Hassan Whiteside,SAC,31,36,16,20,15.2,106.3,114.5,-8.1,5.8,0.50,6.3,10.9,26.9,19.0,12.5,56.3,56.6,22.7,102.93,12.3,"1,166"
351,Jeremy Lamb,IND,28,36,16,20,21.3,113.0,113.3,-0.3,9.4,2.41,13.8,3.2,13.7,8.4,5.7,52.9,58.7,18.0,102.29,9.8,"1,627"
352,Justin James,SAC,24,36,15,21,8.6,100.3,108.8,-8.5,10.9,1.47,13.3,2.7,6.7,4.6,9.1,53.2,54.8,19.2,104.29,6.6,675
353,D.J. Wilson,HOU,25,35,13,22,12.4,99.7,111.0,-11.3,8.8,1.05,10.3,4.2,19.9,12.0,9.8,49.4,51.1,19.5,102.07,8.7,919
354,Kelan Martin,IND,25,35,16,19,9.2,115.3,99.7,15.6,7.1,1.06,9.7,5.2,15.9,10.8,9.1,53.6,55.1,19.9,102.90,9.9,685
355,Kevin Durant,BKN,32,35,23,12,33.1,121.7,111.1,10.7,25.2,1.63,19.1,1.2,18.0,10.5,11.8,60.8,66.6,30.3,103.03,17.2,"2,489"
356,Larry Nance Jr.,CLE,28,35,13,22,31.2,101.7,107.4,-5.6,14.5,1.95,23.4,4.9,16.9,10.8,12.0,54.6,55.7,13.9,97.85,10.4,"2,220"
357,Mike Muscala,OKC,29,35,15,20,18.4,102.5,101.9,0.6,6.9,1.33,8.6,2.8,15.7,9.5,6.5,57.3,59.9,19.4,102.92,11.2,"1,388"
358,Shai Gilgeous-Alexander,OKC,22,35,16,19,33.7,107.2,114.9,-7.7,31.1,1.95,21.2,1.5,11.9,6.7,10.8,57.1,62.3,28.3,100.10,14.6,"2,462"
359,Jarrett Culver,MIN,22,34,7,27,14.7,99.0,109.7,-10.7,7.9,0.86,9.9,5.9,13.2,9.4,11.5,44.9,47.6,17.9,103.72,5.7,"1,071"
360,Justin Jackson,MIL,26,34,12,22,17.0,103.8,106.8,-3.0,13.6,1.63,16.1,2.6,10.0,6.3,9.9,48.4,51.6,19.5,103.26,7.7,"1,239"
361,Shaquille Harrison,DEN,27,34,27,7,9.8,98.2,108.3,-10.1,10.9,2.27,20.2,2.0,11.7,6.8,8.9,35.3,41.6,12.4,102.89,4.7,711
362,Troy Brown Jr.,CHI,21,34,10,24,15.4,110.5,107.5,3.1,7.6,1.38,14.4,3.9,15.8,9.9,10.4,50.7,52.5,14.1,100.38,6.7,"1,091"
363,Boban Marjanovic,DAL,32,33,14,19,8.2,107.0,101.1,5.9,6.0,0.83,6.2,15.9,29.1,22.3,7.5,51.2,56.2,23.1,100.13,16.2,561
364,Bruno Fernando,ATL,22,33,20,13,6.8,98.8,104.7,-6.0,6.9,0.48,11.8,6.6,25.6,16.0,24.7,40.9,47.5,13.3,103.78,6.9,492
365,Frank Ntilikina,NYK,22,33,23,10,9.8,99.7,103.3,-3.6,9.5,1.73,16.2,1.9,7.7,4.8,9.4,51.3,51.2,13.4,99.43,3.6,662
366,Luka Samanic,SAS,21,33,14,19,9.3,102.6,104.6,-2.0,7.3,0.75,9.9,4.9,15.8,10.4,13.2,50.5,51.8,18.7,101.47,6.5,648
367,Nathan Knight,ATL,23,33,21,12,8.4,102.6,106.9,-4.3,4.5,0.53,5.4,9.3,15.5,12.4,10.1,40.0,49.9,20.7,100.55,8.9,588
368,Skylar Mays,ATL,23,33,19,14,8.2,107.0,105.6,1.4,18.0,3.33,20.1,3.7,9.5,6.6,6.0,52.0,56.9,18.6,99.05,11.3,558
369,Ty Jerome,OKC,23,33,7,26,23.9,103.5,112.0,-8.5,22.9,2.55,25.6,1.2,10.0,5.5,10.0,57.0,58.5,18.1,102.91,9.5,"1,693"
370,Victor Oladipo,MIA,29,33,13,20,32.7,106.5,108.8,-2.3,23.3,1.82,17.5,1.0,13.7,7.2,9.6,47.6,51.2,28.6,101.15,10.9,"2,267"
371,Bol Bol,DEN,21,32,21,11,5.0,94.4,119.3,-24.9,6.7,0.54,8.4,0.0,15.4,7.4,15.7,50.9,53.4,19.1,110.79,5.7,374
372,Brodric Thomas,CLE,24,32,6,26,12.5,103.6,108.1,-4.5,11.5,1.36,16.6,1.9,10.7,6.2,12.2,43.5,48.7,15.8,100.74,5.2,833
373,Mason Jones,PHI,22,32,10,22,10.5,98.9,108.8,-9.9,21.1,1.45,18.9,1.8,14.5,7.6,13.1,52.0,55.6,21.7,105.91,9.2,730
374,Naji Marshall,NOP,23,32,14,18,21.9,108.1,109.6,-1.5,16.5,2.32,23.9,2.0,18.2,10.0,10.3,46.2,50.8,16.0,105.10,8.8,"1,530"
375,Nicolas Claxton,BKN,22,32,23,9,18.6,114.3,102.1,12.3,6.8,1.56,12.8,7.4,18.7,13.4,8.3,62.4,61.2,13.6,100.65,10.9,"1,248"
376,Tyler Cook,DET,23,32,11,21,13.7,106.6,110.8,-4.2,5.7,0.81,11.0,6.5,14.9,10.8,13.5,67.5,65.9,13.6,99.44,8.8,908
377,Carsen Edwards,BOS,23,31,14,17,8.9,105.1,109.2,-4.1,7.5,2.00,10.2,1.0,8.4,4.6,5.1,50.5,52.7,18.7,101.98,6.4,585
378,DaQuan Jeffries,SAS,23,31,6,25,15.9,109.0,113.4,-4.5,5.9,1.57,13.8,3.6,10.3,6.8,8.8,50.0,51.4,11.4,104.76,4.5,"1,072"
379,Dylan Windler,CLE,24,31,11,20,16.5,104.6,111.1,-6.5,8.9,1.03,15.9,3.9,17.1,10.4,15.5,53.8,56.7,14.0,101.87,8.2,"1,092"
380,Kyle Guy,SAC,23,31,11,20,7.6,107.4,111.5,-4.2,18.4,2.91,22.9,1.9,12.8,7.1,7.9,40.3,44.9,18.5,104.91,6.2,517
381,Luke Kornet,BOS,25,31,13,18,11.2,105.4,99.6,5.8,9.5,3.43,17.9,4.1,14.4,9.5,5.2,51.0,51.1,13.5,102.37,8.7,746
382,Michael Carter-Williams,ORL,29,31,12,19,25.8,103.1,105.6,-2.5,23.8,1.87,25.7,4.4,12.3,8.2,13.8,41.7,44.9,19.8,101.36,6.4,"1,685"
383,Mitchell Robinson,NYK,23,31,15,16,27.5,106.1,106.5,-0.4,3.0,0.65,7.0,12.4,15.5,14.0,10.7,65.3,64.2,11.4,96.39,10.4,"1,707"
384,CJ Elleby,POR,20,30,19,11,6.4,102.3,107.6,-5.3,7.6,2.00,11.4,4.9,8.9,6.9,5.7,43.2,46.8,16.0,106.16,4.7,429
385,Daniel Oturu,LAC,21,30,21,9,5.4,104.2,102.5,1.8,9.2,1.11,13.0,11.9,15.7,13.8,11.7,43.3,47.1,17.4,97.85,7.3,330
386,David Nwaba,HOU,28,30,8,22,22.6,106.8,108.0,-1.3,7.0,1.82,10.5,5.5,10.8,8.1,5.8,52.5,55.7,16.3,102.96,8.9,"1,451"
387,George Hill,PHI,35,30,16,14,22.4,109.7,110.2,-0.4,15.6,2.35,22.8,2.3,6.3,4.4,9.7,56.1,59.6,16.1,98.38,8.8,"1,375"
388,Jordan Nwora,MIL,22,30,19,11,9.1,106.8,107.1,-0.3,4.0,0.29,3.9,3.3,16.2,10.3,13.5,56.3,58.6,25.4,105.88,11.3,603
389,Keita Bates-Diop,SAS,25,30,13,17,8.2,103.8,111.5,-7.7,7.5,1.71,12.6,3.7,15.4,9.7,7.4,48.5,51.8,14.4,102.89,8.8,526
390,Nico Mannion,GSW,20,30,17,13,12.1,102.6,111.9,-9.4,27.0,2.26,30.7,1.6,10.7,6.1,13.6,43.9,48.7,18.6,102.55,7.5,776
391,Sam Merrill,MIL,25,30,18,12,7.8,101.2,109.7,-8.5,13.5,2.10,20.0,2.4,9.4,6.0,9.5,59.0,60.3,14.6,104.73,8.4,510
392,Trent Forrest,UTA,22,30,22,8,10.1,108.2,115.9,-7.7,20.5,2.14,30.8,3.8,11.1,7.5,14.4,48.6,55.4,14.4,98.78,7.8,621
393,Trevor Ariza,MIA,35,30,17,13,28.0,113.8,111.0,2.8,8.9,2.62,16.4,3.3,15.0,9.0,6.3,51.5,54.2,14.9,98.34,7.7,"1,719"
394,JaKarr Sampson,IND,28,29,14,15,10.9,109.9,108.9,1.1,1.7,0.27,2.8,8.0,14.5,11.3,10.4,50.9,53.3,17.7,104.34,5.9,686
395,Juwan Morgan,UTA,24,29,24,5,5.1,90.0,124.1,-34.1,10.1,2.25,19.6,5.1,13.3,8.8,8.7,53.3,52.9,10.2,104.42,4.4,321
396,Al Horford,OKC,34,28,11,17,27.9,102.2,109.1,-6.9,20.6,3.24,19.2,3.4,19.5,11.4,5.9,52.8,53.8,22.1,100.30,13.1,"1,639"
397,Jarrell Brantley,UTA,24,28,23,5,4.9,103.0,112.1,-9.1,17.0,1.88,19.7,5.9,12.5,9.1,10.5,59.6,60.5,18.2,103.59,9.6,300
398,Otto Porter Jr.,ORL,27,28,12,16,21.7,106.6,109.6,-3.0,13.3,2.20,16.9,4.4,19.8,12.1,7.7,51.8,55.2,18.4,102.64,11.6,"1,296"
399,Avery Bradley,HOU,30,27,6,21,22.3,105.3,115.5,-10.2,10.8,1.64,18.3,1.3,7.8,4.6,11.1,47.1,48.7,14.6,102.39,3.9,"1,284"
400,E'Twaun Moore,PHX,32,27,20,7,14.4,108.4,107.9,0.5,14.0,1.74,20.9,3.5,8.0,5.7,12.0,50.0,52.3,16.4,101.31,6.4,822
401,Eric Gordon,HOU,32,27,10,17,29.2,106.8,110.1,-3.3,14.7,1.39,13.3,0.9,6.2,3.5,9.6,52.7,57.7,24.6,102.85,9.7,"1,684"
402,Jahlil Okafor,DET,25,27,5,22,12.9,98.5,108.7,-10.2,6.6,0.62,8.8,7.0,11.9,9.6,14.3,62.7,64.4,17.0,99.74,8.9,717
403,Jalen Smith,PHX,21,27,19,8,5.8,106.3,110.7,-4.4,3.7,0.57,6.3,4.4,17.4,11.1,10.9,48.0,49.9,16.1,103.72,5.9,336
404,Paul Watson,TOR,26,27,13,14,11.0,110.9,112.6,-1.7,8.1,1.89,15.2,1.2,12.9,7.0,8.0,64.6,64.9,13.3,101.77,7.1,632
405,Anthony Gill,WAS,28,26,11,15,8.4,104.1,105.6,-1.6,7.3,1.38,12.8,7.4,15.1,11.4,9.3,55.8,59.7,14.3,104.25,8.9,469
406,Cam Reddish,ATL,21,26,10,16,28.9,110.9,114.9,-4.0,6.6,1.03,9.4,2.8,10.9,6.8,9.2,42.8,48.8,18.3,102.80,5.3,"1,614"
407,Justise Winslow,MEM,25,26,13,13,19.5,101.0,107.1,-6.1,14.0,1.35,15.9,3.2,18.7,10.8,11.8,37.6,39.5,21.2,104.84,6.0,"1,103"
408,Kevin Porter Jr.,HOU,21,26,4,22,32.1,107.3,119.9,-12.6,29.3,1.80,24.7,2.2,9.8,5.8,13.7,49.3,52.8,24.7,102.69,8.6,"1,788"
409,Killian Hayes,DET,19,26,6,20,25.8,100.6,110.7,-10.1,29.9,1.66,32.2,0.9,9.2,5.0,19.3,40.3,42.2,18.5,100.12,5.3,"1,403"
410,LaMarcus Aldridge,BKN,35,26,15,11,25.9,110.6,113.4,-2.8,10.9,1.81,12.4,2.7,14.8,8.7,6.9,52.5,55.6,22.4,99.89,9.9,"1,406"
411,Paul Reed,PHI,21,26,17,9,6.8,107.5,96.3,11.2,10.7,1.00,11.5,14.7,17.2,15.9,11.5,53.8,54.0,20.8,102.07,13.2,374
412,Reggie Perry,BKN,21,26,18,8,8.1,106.1,113.4,-7.3,9.7,0.93,12.5,11.7,20.4,16.0,13.4,43.6,46.6,19.0,101.96,6.4,446
413,Tremont Waters,BOS,23,26,13,13,9.1,106.1,108.0,-2.0,38.0,2.30,34.3,2.1,6.2,4.2,14.9,49.4,54.1,20.4,103.00,11.0,510
414,Chandler Hutchison,WAS,25,25,11,14,13.8,106.8,112.0,-5.2,6.1,0.85,11.3,1.6,19.5,10.6,13.2,41.7,46.9,15.5,107.44,6.1,766
415,Kevin Love,CLE,32,25,7,18,24.9,107.0,113.4,-6.5,15.3,1.66,16.9,2.6,27.2,14.7,10.2,52.2,55.6,21.1,100.57,12.3,"1,309"
416,Abdel Nader,PHX,27,24,16,8,14.8,106.7,101.7,5.0,7.8,1.00,11.2,2.0,15.1,8.8,11.2,56.9,60.5,18.3,102.96,9.2,757
417,Anthony Lamb,HOU,23,24,3,21,17.3,105.1,114.3,-9.2,8.0,1.21,13.5,5.5,10.9,7.9,11.2,48.7,52.3,14.4,103.93,5.0,896
418,Cassius Stanley,IND,21,24,10,14,3.9,97.5,88.1,9.4,1.7,1.00,2.0,6.7,11.0,8.7,2.0,33.7,38.3,19.8,103.13,2.7,200
419,Al-Farouq Aminu,CHI,30,23,5,18,18.9,102.8,109.0,-6.2,10.1,1.11,18.8,5.0,20.0,12.5,17.0,42.4,46.9,13.8,98.01,7.5,887
420,De'Andre Hunter,ATL,23,23,12,11,29.5,111.3,105.9,5.5,9.8,1.52,12.2,2.4,12.5,7.6,8.1,54.6,60.3,19.4,101.80,10.4,"1,440"
421,Dennis Smith Jr.,DET,23,23,7,16,18.3,105.8,108.1,-2.2,27.6,2.96,29.6,2.9,9.9,6.5,10.0,46.6,49.2,19.1,97.94,9.3,857
422,Ed Davis,MIN,31,23,5,18,13.0,101.4,109.0,-7.6,10.0,3.00,26.9,12.7,23.5,17.6,9.0,43.2,48.7,7.8,101.24,7.9,631
423,Glenn Robinson III,SAC,27,23,9,14,16.1,105.2,122.5,-17.3,7.5,1.82,14.2,2.8,9.4,6.0,7.8,50.5,55.4,13.5,102.74,5.7,793
424,Quinn Cook,CLE,28,23,13,10,6.8,100.3,104.2,-3.9,18.4,2.57,18.8,1.2,8.4,4.9,7.3,50.7,53.1,20.4,102.49,9.8,338
425,Trey Lyles,SAS,25,23,10,13,15.6,98.4,112.9,-14.5,6.0,2.33,11.6,2.2,21.3,11.1,5.0,55.6,57.4,12.8,99.67,9.8,743
426,Cassius Winston,WAS,23,22,10,12,4.5,92.8,114.2,-21.4,22.2,2.40,22.6,0.0,8.7,4.4,9.4,54.5,57.5,18.2,102.65,7.9,208
427,Chris Chiozza,BKN,25,22,12,10,10.6,105.9,102.9,3.0,38.2,4.06,36.7,1.2,8.8,4.9,9.0,42.6,46.1,20.0,101.44,9.3,493
428,Josh Hall,OKC,20,21,2,19,16.0,100.7,113.9,-13.2,11.8,1.12,16.3,1.6,15.1,8.1,14.5,32.3,36.3,17.4,104.93,1.5,733
429,Nate Hinton,DAL,21,21,11,10,4.4,87.3,115.4,-28.2,15.1,1.60,13.6,0.9,9.1,4.4,8.5,40.5,44.2,21.7,104.12,6.6,204
430,Oshae Brissett,IND,22,21,10,11,24.7,117.0,111.0,6.0,4.2,1.80,8.7,5.4,14.9,10.3,4.8,59.3,63.8,14.9,107.12,9.6,"1,154"
431,Rodions Kurucs,MIL,23,21,10,11,5.9,102.5,102.8,-0.3,11.5,0.77,17.5,3.7,13.4,8.6,22.8,43.8,45.9,14.5,109.08,4.4,282
432,Sindarius Thornwell,ORL,26,21,7,14,10.3,102.6,104.6,-2.0,13.5,3.00,26.9,1.3,6.7,3.9,9.0,40.2,41.4,11.0,100.39,4.3,454
433,Wenyen Gabriel,NOP,24,21,9,12,11.5,106.4,105.6,0.8,6.3,0.73,11.7,6.9,13.5,10.0,16.0,50.8,53.3,13.5,102.44,5.5,513
434,Armoni Brooks,HOU,22,20,3,17,26.0,103.9,115.6,-11.7,9.0,1.36,12.0,1.7,11.2,6.1,8.8,56.3,56.5,17.5,102.94,6.8,"1,114"
435,Deividas Sirvydis,DET,20,20,8,12,6.7,97.2,106.9,-9.7,6.2,1.00,9.6,0.0,22.5,10.7,9.6,47.5,48.1,15.0,100.61,7.0,281
436,Devontae Cacok,LAL,24,20,8,12,4.9,116.7,98.6,18.1,1.3,0.20,2.5,11.7,18.3,15.1,12.5,58.6,57.6,15.4,105.46,11.4,216
437,Freddie Gillespie,TOR,23,20,7,13,19.6,101.3,110.9,-9.6,3.4,0.75,7.4,10.0,14.2,12.0,9.9,52.4,56.3,12.0,100.86,7.5,824
438,Quinndary Weatherspoon,SAS,24,20,8,12,6.1,94.3,116.9,-22.6,10.7,0.80,13.3,2.4,7.0,4.6,16.7,47.1,54.7,18.0,103.46,4.6,261
439,Jaylen Hoard,OKC,22,19,1,18,16.8,99.9,108.9,-9.1,11.0,1.41,16.2,6.1,12.8,9.5,11.5,50.0,54.7,15.6,104.60,9.3,697
440,Tacko Fall,BOS,25,19,13,6,7.1,113.9,107.6,6.3,2.8,0.50,6.7,12.3,23.7,18.4,13.3,72.4,66.0,12.7,103.23,10.2,295
441,Vernon Carey Jr.,CHA,20,19,9,10,6.0,105.0,108.3,-3.2,2.8,0.40,4.2,5.4,17.4,11.6,10.4,51.4,56.3,17.8,100.44,7.9,238
442,Alize Johnson,BKN,25,18,10,8,10.5,107.5,112.1,-4.5,11.0,1.56,14.4,12.7,32.0,22.0,9.3,59.6,63.8,17.5,101.24,17.4,398
443,Cristiano Felicio,CHI,28,18,6,12,4.6,96.7,89.7,7.1,15.5,2.25,26.5,11.2,20.5,15.6,11.8,53.8,57.4,11.7,102.84,11.2,184
444,Darius Miller,OKC,31,18,5,13,10.9,105.3,98.1,7.2,15.1,2.63,25.9,1.1,10.3,6.0,9.9,63.5,68.5,12.7,104.88,11.5,433
445,Elijah Hughes,UTA,23,18,14,4,3.5,91.5,120.3,-28.8,15.8,1.00,13.6,1.4,11.9,6.6,13.6,46.7,48.8,24.2,105.09,7.1,141
446,Killian Tillie,MEM,23,18,11,7,10.1,107.2,97.7,9.6,6.3,4.00,11.1,3.1,8.2,5.9,2.8,42.1,46.1,14.8,102.06,4.7,388
447,Nick Richards,CHA,23,18,9,9,3.5,93.3,103.8,-10.5,5.4,0.67,10.5,5.6,9.6,7.6,15.8,44.4,54.2,11.1,101.95,3.3,134
448,Romeo Langford,BOS,21,18,9,9,15.7,98.1,108.2,-10.1,6.9,1.30,14.9,4.0,7.7,5.9,11.5,39.8,43.6,11.1,100.75,3.0,590
449,Sean McDermott,MEM,24,18,10,8,8.8,89.1,106.8,-17.7,4.3,1.00,8.9,3.1,8.7,5.5,8.9,47.0,53.4,10.1,103.34,5.2,341
450,Tyler Bey,DAL,23,18,11,7,3.9,85.8,112.8,-27.0,6.3,1.00,10.0,9.0,17.7,12.6,10.0,34.1,37.2,14.3,107.57,3.8,162
451,Ersan Ilyasova,UTA,34,17,14,3,8.7,109.7,103.0,6.7,4.0,0.50,5.9,4.7,14.3,9.5,11.8,55.6,57.8,19.0,98.42,6.2,300
452,Jerome Robinson,WAS,24,17,5,12,17.9,100.0,113.1,-13.1,11.4,1.32,17.1,1.1,10.5,5.6,13.0,35.3,40.0,16.1,104.83,3.1,660
453,Keljin Blevins,POR,25,17,11,6,4.4,85.2,107.5,-22.2,8.3,0.80,13.8,3.1,7.1,5.2,17.2,30.0,30.0,12.6,112.13,-0.5,176
454,Theo Pinson,NYK,25,17,9,8,2.0,85.2,101.2,-16.0,6.3,1.00,9.1,0.0,11.4,6.3,9.1,11.1,11.1,11.8,116.28,-4.0,81
455,Dewayne Dedmon,MIA,31,16,11,5,13.2,121.3,104.2,17.1,8.3,0.92,11.9,13.7,28.2,21.0,12.9,71.5,73.5,18.3,98.18,14.9,428
456,Rodney McGruder,DET,29,16,3,13,12.1,111.7,115.8,-4.0,12.8,2.29,16.7,4.2,7.8,6.0,7.3,60.7,61.9,17.9,97.28,9.7,392
457,Alen Smailagic,GSW,20,15,10,5,5.6,95.2,112.8,-17.6,7.8,0.80,10.3,6.5,11.1,8.7,12.8,48.1,47.2,16.5,107.33,4.3,188
458,Chris Silva,SAC,24,15,8,7,6.2,100.0,100.5,-0.5,10.2,0.60,15.4,8.2,21.7,15.3,25.6,65.6,70.8,15.1,104.72,6.4,201
459,Kostas Antetokounmpo,LAL,23,15,6,9,3.7,105.4,83.3,22.1,2.3,0.09,3.6,5.9,21.1,13.7,39.3,30.0,38.2,17.2,112.65,0.5,130
460,Ty-Shon Alexander,PHX,22,15,11,4,3.2,101.0,107.0,-6.0,20.0,2.00,27.3,3.8,15.7,9.7,13.6,33.3,34.9,14.3,100.07,5.2,98
461,Udoka Azubuike,UTA,21,15,13,2,3.8,69.8,124.4,-54.5,0.0,0.00,0.0,6.3,15.0,10.5,17.6,44.4,59.7,11.9,104.48,5.4,126
462,Adam Mokoka,CHI,22,14,3,11,4.0,83.2,90.3,-7.1,17.9,1.00,17.2,1.7,7.7,4.5,17.2,39.5,38.6,17.1,106.38,2.5,125
463,Jordan Bone,ORL,23,14,2,12,14.0,98.3,112.6,-14.3,14.3,6.00,24.0,1.8,10.2,5.7,4.0,51.9,51.9,12.1,101.46,6.7,414
464,Mamadi Diakite,MIL,24,14,7,7,10.1,103.2,99.4,3.8,7.9,2.67,13.8,5.2,16.0,10.7,5.2,41.3,47.7,14.2,107.54,8.1,314
465,Rayjon Tucker,PHI,23,14,8,6,4.9,96.1,101.3,-5.2,15.4,1.50,16.2,1.2,16.4,7.5,10.8,55.6,64.5,17.6,109.17,11.9,153
466,Donta Hall,ORL,23,13,3,10,13.8,97.9,104.5,-6.5,10.2,1.38,15.9,12.6,19.3,16.0,11.6,71.4,73.1,13.5,103.10,14.5,388
467,Ignas Brazdeikis,ORL,22,13,3,10,19.1,110.3,114.6,-4.3,10.0,1.42,14.3,4.1,12.9,8.5,10.1,48.8,51.0,17.1,101.47,6.3,524
468,Jabari Parker,BOS,26,13,4,9,12.7,100.6,106.1,-5.5,10.5,1.10,13.4,5.6,18.0,11.7,12.2,56.4,59.3,17.5,100.23,11.7,348
469,Jahmi'us Ramsey,SAC,19,13,5,8,7.3,106.7,104.2,2.4,8.8,2.00,12.2,1.9,8.0,4.8,6.1,46.1,49.8,18.3,107.46,6.3,210
470,Jalen Harris,TOR,22,13,3,10,13.2,108.2,107.8,0.3,15.3,1.21,15.9,1.7,9.1,5.2,13.1,61.8,63.2,21.9,102.91,9.7,368
471,Justin Patton,HOU,23,13,1,12,19.0,100.8,114.9,-14.1,8.4,3.50,15.6,4.7,14.2,9.0,4.4,47.9,48.8,12.8,102.51,6.5,524
472,Matthew Dellavedova,CLE,30,13,4,9,17.2,108.8,111.9,-3.1,33.7,9.67,47.5,2.9,8.5,5.7,4.9,28.6,31.2,12.5,100.13,5.2,466
473,Mike James,BKN,30,13,9,4,18.2,115.6,111.6,4.1,30.3,2.70,30.2,1.3,11.2,6.6,11.2,42.9,48.1,23.1,100.28,9.2,493
474,Norvel Pelle,NYK,28,13,8,5,6.4,113.3,101.1,12.2,3.2,0.67,8.7,7.7,15.3,11.7,13.0,53.3,56.7,10.6,103.44,5.3,180
475,Robert Woodard II,SAC,21,13,3,10,3.5,107.5,101.0,6.6,5.6,2.00,7.4,8.0,23.5,15.8,3.7,42.5,42.5,21.0,110.00,7.9,106
476,Terrance Ferguson,PHI,23,13,10,3,3.8,88.8,106.5,-17.8,5.7,0.50,15.4,0.0,2.4,1.1,30.8,14.3,14.3,9.4,104.14,-6.5,107
477,Jared Dudley,LAL,35,12,7,5,6.7,97.7,99.4,-1.7,8.1,2.50,31.3,4.7,21.3,12.7,12.5,33.3,33.3,5.6,100.29,5.5,171
478,Anthony Tolliver,PHI,35,11,7,4,9.0,109.8,93.2,16.6,2.5,0.67,8.3,2.8,7.1,4.8,12.5,35.3,43.3,9.0,105.24,2.2,214
479,Devon Dotson,CHI,21,11,4,7,4.6,105.3,83.7,21.7,20.0,0.00,25.0,3.9,6.1,5.0,0.0,54.8,54.8,16.0,103.72,16.6,113
480,Jaren Jackson Jr.,MEM,21,11,4,7,23.5,107.6,118.0,-10.5,7.4,0.80,7.1,6.0,16.4,11.2,8.8,49.2,55.1,25.2,101.41,9.7,543
481,Jontay Porter,MEM,21,11,7,4,4.9,93.0,92.2,0.9,3.3,0.14,4.0,6.5,14.9,10.9,28.0,63.3,64.0,18.2,102.24,6.7,115
482,Rondae Hollis-Jefferson,POR,26,11,6,5,9.8,111.7,112.8,-1.1,16.9,6.50,31.7,8.0,14.0,10.7,4.9,50.0,53.9,10.5,100.65,7.4,223
483,Tyrell Terry,DAL,20,11,2,9,5.1,88.4,88.4,0.0,15.8,3.00,24.0,0.0,11.8,5.0,8.0,31.3,31.8,13.5,103.15,6.7,121
484,Gabriel Deck,OKC,26,10,1,9,21.2,104.1,116.8,-12.7,16.0,4.00,22.4,6.7,11.8,9.0,5.6,49.3,54.8,15.9,103.21,10.0,458
485,Gary Payton II,GSW,28,10,7,3,4.0,103.3,101.1,2.2,3.7,1.00,6.3,5.1,17.6,12.2,6.3,84.6,84.7,15.3,109.87,16.4,92
486,Karim Mane,ORL,21,10,2,8,8.8,99.5,111.5,-12.0,6.1,1.33,18.2,1.0,15.1,7.3,13.6,26.9,36.2,8.5,99.46,1.7,183
487,Thomas Bryant,WAS,23,10,2,8,27.1,113.6,115.7,-2.1,7.9,1.36,12.1,6.3,16.3,11.1,8.9,69.8,70.4,16.3,107.31,11.1,605
488,Vincent Poirier,PHI,27,10,8,2,3.9,85.2,104.6,-19.4,8.0,0.50,9.5,13.0,22.2,17.1,19.0,25.0,27.3,19.4,107.33,-2.0,88
489,Yogi Ferrell,LAC,28,10,4,6,13.7,106.7,107.1,-0.4,22.9,7.33,25.9,3.4,9.5,6.5,3.5,43.0,45.9,19.3,99.17,9.4,283
490,Charlie Brown Jr.,OKC,24,9,1,8,16.9,100.3,113.0,-12.7,8.0,1.50,14.5,1.7,9.1,5.1,9.7,36.0,42.2,14.0,104.49,2.1,330
491,James Nunnally,NOP,30,9,3,6,5.3,99.0,103.9,-4.8,9.4,1.50,15.8,3.3,14.9,8.4,10.5,53.8,54.0,12.9,103.97,7.5,104
492,Jeremiah Martin,CLE,24,9,0,9,8.4,100.6,117.3,-16.7,9.1,0.67,8.9,2.1,6.5,4.0,13.3,31.8,31.3,22.0,99.64,1.0,156
493,Justin Robinson,OKC,23,9,0,9,9.7,97.9,119.9,-22.0,15.0,4.50,27.3,1.1,6.7,3.8,6.1,42.9,45.3,11.1,103.67,3.3,188
494,Axel Toupane,MIL,28,8,2,6,7.7,94.0,96.3,-2.2,9.8,0.00,22.2,0.0,8.2,4.2,0.0,40.9,49.7,9.2,105.07,6.0,134
495,Dakota Mathias,PHI,25,8,4,4,15.4,97.3,107.9,-10.6,15.7,13.00,20.3,0.7,4.1,2.3,1.6,47.9,47.4,16.6,102.83,6.2,263
496,Devin Cannady,ORL,25,8,0,8,9.3,100.6,114.4,-13.7,2.3,0.50,2.9,0.0,6.5,3.0,5.9,50.0,54.7,18.1,102.97,6.1,159
497,Jared Harper,NYK,23,8,5,3,2.0,78.6,95.0,-16.4,12.5,0.33,10.0,0.0,9.1,4.5,30.0,0.0,26.0,20.0,121.11,-5.2,42
498,Markelle Fultz,ORL,22,8,6,2,26.9,107.1,113.6,-6.5,29.3,2.39,25.0,2.1,9.5,5.6,10.5,41.3,45.8,25.0,103.16,8.1,463
499,Thon Maker,CLE,24,8,3,5,9.6,92.3,103.2,-10.9,10.0,1.33,13.3,9.3,11.8,10.5,10.0,55.6,65.7,14.5,97.61,13.4,155
500,Grant Riller,CHA,24,7,2,5,3.9,96.4,101.8,-5.4,30.0,3.00,18.8,0.0,4.0,2.0,6.3,75.0,75.0,22.0,97.82,21.1,55
501,Jaylen Adams,MIL,25,7,5,2,2.6,69.0,100.0,-31.0,20.0,0.00,20.0,0.0,14.3,6.7,0.0,12.5,12.5,17.8,109.93,-1.7,42
502,Nate Darling,CHA,22,7,3,4,3.7,67.9,122.2,-54.3,11.1,1.00,11.1,3.2,0.0,1.8,11.1,42.9,54.1,13.3,98.33,4.8,53
503,Robert Franks,ORL,24,7,0,7,14.4,106.0,120.5,-14.4,7.0,2.50,12.2,5.3,8.2,6.6,4.9,55.4,63.8,14.8,101.27,9.1,215
504,T.J. Leaf,POR,24,7,6,1,5.1,85.9,110.7,-24.8,3.8,0.50,7.1,0.0,10.6,5.5,14.3,50.0,55.1,13.8,114.52,8.4,85
505,Brian Bowen II,IND,22,6,1,5,2.5,93.8,84.4,9.4,0.0,0.00,0.0,0.0,15.8,7.1,0.0,25.0,33.8,9.8,103.33,4.5,32
506,Bruno Caboclo,HOU,25,6,1,5,6.1,96.3,94.0,2.3,4.8,0.25,4.3,6.4,26.8,15.9,17.4,47.1,47.5,23.2,108.03,11.3,81
507,Dante Exum,HOU,25,6,3,3,19.4,99.6,96.0,3.6,15.5,1.86,27.7,1.5,12.9,6.9,14.9,42.3,42.8,11.9,102.70,5.8,247
508,Jordan Bell,GSW,26,6,3,3,13.6,95.2,112.3,-17.0,13.0,1.75,20.6,6.9,18.9,12.6,11.8,31.8,32.8,14.0,99.36,6.8,168
509,Louis King,SAC,22,6,3,3,14.2,97.3,100.5,-3.3,18.0,2.25,18.4,5.1,13.5,9.3,8.2,55.9,60.0,19.1,103.26,14.8,185
510,Marques Bolden,CLE,23,6,2,4,4.8,82.8,70.5,12.3,0.0,0.00,0.0,8.3,8.8,8.6,22.2,33.3,53.7,13.6,99.74,11.5,58
511,Amida Brimah,IND,27,5,2,3,5.9,114.9,82.1,32.8,4.2,0.25,7.1,7.7,15.0,12.1,28.6,62.5,69.7,17.6,109.84,11.1,67
512,Anderson Varejao,CLE,38,5,1,4,7.2,85.9,123.5,-37.6,15.0,3.00,12.5,14.6,34.2,23.3,4.2,25.0,32.6,22.8,106.20,9.0,78
513,Andre Roberson,BKN,29,5,4,1,12.6,100.0,118.4,-18.4,9.8,2.00,19.0,10.3,13.6,11.8,9.5,17.9,20.2,11.7,96.87,2.3,129
514,Cameron Reynolds,HOU,26,5,3,2,8.1,81.8,110.1,-28.3,9.5,0.00,10.0,3.7,7.9,5.4,0.0,41.7,41.7,18.2,104.93,4.2,88
515,Khyri Thomas,HOU,25,5,1,4,30.6,124.3,116.9,7.3,21.0,4.17,24.8,4.7,7.2,6.0,5.9,55.3,58.6,20.8,106.24,10.7,334
516,Patrick McCaw,TOR,25,5,2,3,6.7,104.5,137.5,-33.0,19.0,0.00,66.7,2.7,7.1,4.6,0.0,100.0,107.8,2.6,94.21,5.7,67
517,Tim Frazier,MEM,30,5,5,0,12.4,98.5,90.6,7.8,33.3,4.00,37.2,0.0,10.7,5.4,9.3,15.0,17.7,17.8,105.35,1.2,133
518,Cameron Oliver,HOU,24,4,1,3,21.8,111.2,116.4,-5.2,8.6,1.67,11.9,5.0,18.8,11.4,7.1,63.6,61.9,17.4,103.54,9.5,188
519,Frank Mason,ORL,27,4,1,3,19.8,96.9,108.0,-11.1,21.8,2.40,27.3,3.3,10.3,6.8,11.4,41.7,46.2,17.0,97.78,5.9,161
520,Greg Whittington,DEN,28,4,3,1,3.0,103.7,70.4,33.3,0.0,0.00,0.0,0.0,0.0,0.0,0.0,0.0,0.0,10.3,107.85,-7.1,27
521,Jalen Lecque,IND,20,4,2,2,3.0,77.8,92.6,-14.8,33.3,0.00,16.7,8.3,20.0,12.8,0.0,11.1,24.2,26.3,106.81,12.0,27
522,Jay Scrubb,LAC,20,4,2,2,21.0,112.8,115.6,-2.8,1.5,0.14,2.2,2.2,14.0,7.9,15.2,41.7,45.8,21.7,100.35,5.1,179
523,Kris Dunn,ATL,27,4,1,3,11.4,86.3,117.7,-31.4,8.0,0.67,10.5,0.0,12.5,6.4,15.8,8.3,18.2,15.7,100.95,-6.0,95
524,Noah Vonleh,BKN,25,4,3,1,2.7,82.6,145.8,-63.2,14.3,0.50,16.7,0.0,14.3,6.7,33.3,0.0,0.0,21.7,104.77,-9.4,23
525,T.J. Warren,IND,27,4,3,1,29.3,111.3,108.7,2.6,6.0,1.25,7.9,1.7,10.6,6.0,6.3,52.9,56.0,21.3,102.44,7.2,248
526,Didi Louzada,NOP,21,3,0,3,18.8,102.5,109.8,-7.3,7.3,1.00,15.8,1.5,3.2,2.3,15.8,30.8,30.8,11.4,103.09,-1.2,120
527,Isaiah Thomas,NOP,32,3,1,2,16.1,106.7,100.0,6.7,16.7,0.83,12.8,1.9,5.2,3.6,15.4,38.9,41.2,27.4,103.92,3.3,105
528,Malik Fitts,LAC,23,3,3,0,3.6,86.4,113.6,-27.3,0.0,0.00,0.0,0.0,30.0,15.0,0.0,50.0,50.0,12.0,97.63,2.9,22
529,Meyers Leonard,MIA,29,3,2,1,9.8,103.3,104.8,-1.4,10.5,1.00,16.7,0.0,24.1,11.9,16.7,64.3,63.5,15.2,100.45,6.7,60
530,Spencer Dinwiddie,BKN,28,3,2,1,21.4,118.4,88.7,29.8,17.3,1.80,27.3,0.0,15.1,8.8,15.2,43.8,53.6,15.4,105.20,10.2,141
531,Ashton Hagans,MIN,21,2,0,2,2.0,60.0,81.8,-21.8,0.0,0.00,0.0,0.0,0.0,0.0,100.0,0.0,0.0,8.3,123.93,-25.0,10
532,Henry Ellenson,TOR,24,2,0,2,19.2,98.8,88.2,10.6,20.8,0.00,23.8,6.1,20.5,12.9,0.0,42.9,47.6,16.7,105.09,10.6,83
533,Iman Shumpert,BKN,30,2,1,1,5.5,91.3,95.7,-4.3,0.0,0.00,0.0,7.7,0.0,4.5,20.0,25.0,25.0,18.5,100.52,-1.1,23
534,Marquese Chriss,GSW,23,2,0,2,13.4,79.0,119.4,-40.3,20.0,1.00,10.0,7.5,38.5,19.7,10.0,39.3,41.2,25.0,111.39,11.0,62
535,Ray Spalding,HOU,24,2,0,2,9.4,90.9,106.8,-15.9,0.0,0.00,0.0,8.3,8.3,8.3,37.5,50.0,41.0,15.7,112.74,-2.6,44
536,Anzejs Pasecniks,WAS,25,1,1,0,6.3,57.1,161.5,-104.4,33.3,0.20,14.3,14.3,0.0,8.3,71.4,0.0,0.0,37.5,102.59,-26.0,14
537,Elijah Bryant,MIL,26,1,0,1,31.6,119.7,105.7,14.0,13.0,0.75,14.3,6.5,13.3,9.8,19.0,50.0,55.9,23.1,107.19,7.2,71
538,Udonis Haslem,MIA,40,1,1,0,2.7,166.7,100.0,66.7,0.0,0.00,0.0,0.0,25.0,20.0,0.0,100.0,100.0,28.6,116.78,45.5,6
539,Will Magnay,NOP,22,1,1,0,3.3,37.5,185.7,-148.2,0.0,0.00,0.0,0.0,0.0,0.0,50.0,0.0,0.0,20.0,110.20,-17.1,8
